director,count
Mahesh Bhatt,47
David Dhawan,43
Hrishikesh Mukherjee,42
Shakti Samanta,39
Kanti Shah,38
Rama Rao Tatineni,34
Basu Chatterjee,34
Ram Gopal Varma,34
Shibu Mitra,33
Vikram Bhatt,33
Raj N. Sippy,32
K. Bapaiah,31
Priyadarshan,31
K. Raghavendra Rao,31
Harmesh Malhotra,29
T.L.V. Prasad,29
Shantaram Rajaram Vankudre,28
Raj Khosla,26
Satyen Bose,25
Shyam Ramsay,25
Babubhai Mistry,24
Ravikant Nagaich,23
Manmohan Desai,22
Prakash Mehra,22
Yash Chopra,22
Shyam Benegal,22
B.R. Ishara,21
Subhash Ghai,20
Saawan Kumar Tak,20
Partho Ghosh,20
Dev Anand,19
Gulzar,19
Mahesh Manjrekar,19
Kedar Kapoor,19
J. Om Prakash,18
Pramod Chakravorty,18
Abbas Alibhai Burmawalla,18
Mehul Kumar,18
Brij,18
Ravi Tandon,18
K.C. Bokadia,18
Chetan Anand,17
Anil Ganguly,17
Deepak Bahry,17
Rahul Rawail,17
Rajkumar Kohli,17
Nanabhai Bhatt,17
B.R. Chopra,17
Mohan Segal,17
A. Bhimsingh,17
Lawrence D'Souza,17
Raj Kanwar,16
Bimal Roy,16
Kalpataru,16
Umesh Mehra,16
Prakash Jha,16
Babbar Subhash,16
Vijay Anand,16
Abdul Rashid Kardar,16
Ananth Narayan Mahadevan,16
Mohammed Hussain,16
Anil Sharma,15
Ajay Kashyap,15
Mehboob Khan,15
Homi Wadia,15
Narayana Rao Dasari,15
Esmayeel Shroff,15
K. Ravi Shankar,15
T. Prakash Rao,15
Dulal Guha,15
Madhur Bhandarkar,14
Anurag Kashyap,14
Narendra Bedi,14
Satish Kaushik,14
Devendra Goel,14
Mohan Kumar,14
K. Amarnath,14
Bhappi Sonie,14
Khwaja Ahmad Abbas,14
Rajiv S. Ruia,14
Indra Kumar,14
S.P. Muthuraman,14
N. Chandra,14
Rajkumar Santoshi,14
Deepak Balraj Vij,14
Naresh Kumar,13
Rohit Shetty,13
Ashok Gaekwad,13
Lekh Tandon,13
Bapu,13
M. Sadiq,13
Rakesh Roshan,13
Govind Nihalani,13
Sudhir Mishra,13
Nitin Bose,13
Guddu Dhanoa,13
Chand,13
Anees Bazmee,13
Harnam Singh Rawail,13
K. Muralimohana Rao,13
Debaki Bose,13
Vijay Bhatt,12
K. Shankar,12
Nagesh Kukunoor,12
Kishore Sahu,12
Mohit Suri,12
Mahesh Kaul,12
Aziz Sejawal,12
Sanjay Gupta,12
Harry Baweja,12
Asit Sen,12
Hansal Mehta,12
Surendra Mohan,12
Atma Ram,12
Ketan Mehta,12
Ramanand Sagar,12
Ravindra Dave,12
Tigmanshu Dhulia,12
Vijay Reddy,11
Swaroop Kumar,11
Kawal Sharma,11
Nasir Hussain,11
Kodanda Rami Reddy A.,11
I.S. Johar,11
Mukul Anand,11
Ramesh Sippy,11
Raj Kapoor,11
Lekhraj Bhakri,11
Pankaj Parashar,11
Mohan Bhakri,11
Suraj Prakash,11
Tinnu Anand,10
Nikkhil Advani,10
Prabhu Deva,10
Kalidas,10
Raghunath Jhalani,10
S.D. Narang,10
Phani Majumdar,10
R. Krishnan,10
Shantilal Soni,10
Anubhav Sinha,10
Anurag Basu,10
Tapan Sinha,10
L.V. Prasad,10
Jagdish A. Sharma,10
Sikander Bharti,10
Shiv Kumar,10
J.P. Dutta,10
Sohrab Modi,10
I.V. Sasi,10
S.S. Vasan,10
Adurthi Subba Rao,10
Mani Kaul,10
Vishal Bhardwaj,10
Rajiv Chilaka,10
K. Viswanath,10
Deepak S. Shivdasani,10
S. Ramanathan,9
Ravi Chopra,9
Kidar Nath Sharma,9
Ambrish Sangal,9
Sanjay Leela Bhansali,9
Milan Luthria,9
Suresh Krishna,9
Mrinal Sen,9
Sohanlal Kanwar,9
Rakesh Kumar,9
D.D. Kashyap,9
Vinod Pande,9
Vijay Sadanah,9
Sai Paranjape,9
Suneel Darshan,9
Subodh Mukherji,9
Ashutosh Gowariker,9
Samir Ganguly,9
Chandrakant,9
Amiya Chakrabarty,9
Shashilal K. Nair,9
Goutam Ghose,8
Radhakant,8
Vimal Kumar,8
S.A. Chandrashekhar,8
Anand Patwardhan,8
Vidhu Vinod Chopra,8
C.V. Sridhar,8
Basu Bhattacharya,8
Hiren Nag,8
Naresh Saigal,8
Shankar Mukherjee,8
Kuku Kohli,8
Sangeeth Sivan,8
Gopal B.,8
Desh Gautam,8
Ashu Trikha,8
Raja Nawathe,8
K. Balachander,8
Kundan Kumar,8
Aspi Irani,8
Jugal Kishore,8
Ramesh Saigal,8
Shyam Ralhan,8
Guru Dutt,8
Tanuja Chandra,8
Feroz Khan,8
Ashok Roy,8
Manoj Sharma,8
Mohan Babu,8
Imtiaz Ali,8
Vivek Agnihotri,8
Rajat Kapoor,8
Keshu Ramsay,7
M.V. Raman,7
O.P. Ralhan,7
Sanjay Gadhvi,7
Manoj Kumar,7
Prayag Raj,7
Bharat Rangachary,7
Ramanna,7
Zoya Akhtar,7
Rajiv Rai,7
Ravindra Peepat,7
Dharmesh Darshan,7
P.L. Santoshi,7
Amar Kumar,7
S.N. Tripathi,7
Nandlal Jaswantlal,7
S.M. Sagar,7
Imran Khalid,7
Kundan Shah,7
Shoojit Sircar,7
Karan Razdan,7
S.V. Rajendra Singh Babu,7
A. Salaam,7
Jag Mundhra,7
Raman Kumar,7
Rajendra Bhatia,7
Rajat Rakshit,7
C.P. Dixit,7
V. Menon,7
Ashim S. Samanta,7
Mehmood,7
Franz Osten,7
Eeshwar Nivas,7
Ashok Tyagi,6
Kalpana Lajmi,6
Prawaal Raman,6
Rajeev Kumar,6
Singeetam Srinivasa Rao,6
Kunal Kohli,6
Karan Johar,6
Rahat Kazmi,6
Sooraj R. Barjatya,6
Arjun Hingorani,6
Mohanji Prasad,6
Meghna Gulzar,6
Bharathiraja,6
R. Thyagaraajan,6
Krishna Vamsi,6
Amol Palekar,6
Ramesh Behl,6
Siddharth Anand,6
Dibakar Banerjee,6
Iqbal Durrani,6
Ajay Chandhok,6
K.S.R. Das,6
Sohail Khan,6
Anant Balani,6
Anand Sagar,6
Aparna Sen,6
Talat Jani,6
Aanand L. Rai,6
A. Shamsheer,6
Farogh Siddique,6
Saeed Akhtar Mirza,6
Sanjay Khanna,6
Joginder Shelly,6
Sultan Ahmed,6
Rajiv Mehra,6
Subhash Kapoor,6
Kolli Pratyagatma,6
K. Pappu,6
Jayant Desai,6
V.M. Vyas,6
Deepak Anand,6
Arshad Khan,6
Sunil Dutt,6
Rituparno Ghosh,6
Tapi Chanakya,6
Sujoy Ghosh,6
Shaad Ali,6
Kirti Kumar,6
R.K. Nayyar,6
Kamal Haasan,6
Onir,6
Abhishek Sharma,6
Nila Madhab Panda,6
Remo D'Souza,6
Aditya Datt,6
Deepak Tijori,6
Vikramaditya Motwane,6
Shaheed Latif,6
Samir Karnik,6
Harsukh Jagneshwar Bhatt,6
Bibhuti Mitra,6
Vipul Amrutlal Shah,6
S.M. Abbas,6
Rakeysh Omprakash Mehra,6
Ramesh Talwar,6
Kabir Khan,6
Sriram Raghavan,5
Sajid Khan,5
Nishikant Kamat,5
Pradeep Sarkar,5
R. Balki,5
Aravind Sen,5
Asrani,5
Ram Maheshwari,5
Nitin Kakkar,5
Deepa Mehta,5
Bhimsain,5
Aziz Mirza,5
Kumaar Aadarsh,5
Sunil Agnihotri,5
Vishal Pandya,5
Sameer Malkan,5
Vinod Talwar,5
Chandrakant Singh,5
Vicky Ranawat,5
Mani Shankar,5
Hemen Gupta,5
Master Bhagwan,5
Jayprakkash Shaw,5
Dayal Nihalani,5
Kishan Shah,5
Prem Narayan Arora,5
Ali Abbas Zafar,5
Santosh Sivan,5
A.C. Trilogchander,5
Krishna D.K.,5
Moni Bhattacharjee,5
Sikandar Khanna,5
Rahul Dholakia,5
Rajkumar Hirani,5
R.C. Talwar,5
R. Mittal,5
Bejoy Nambiar,5
Abhishek Kapoor,5
Abhinay Deo,5
Gyan Mukherjee,5
Sagar Ballary,5
Neeraj Pandey,5
Rajesh Ram Singh,5
Jyotin Goel,5
Raj Kumar Gupta,5
Hasnain Hyderabadwala,5
Ramesh Ahuja,5
K.R. Reddy,5
Sachin Pilgaonkar,5
Apurba Kishore Bir,5
Saurabh Shukla,5
Jambulingam,5
Ashwini Chaudhary,5
S.R. Pratap,5
Amit Dutta,5
Ravi Raja Pinisetty,5
Naresh Malhotra,5
Gajendra Ahire,5
Pooja Bhatt,5
Narendra Suri,5
Ram Mukherjee,5
V. Madhusudan Rao,5
Unknown,5
Apoorva Lakhia,5
Mahesh Kothare,5
Suzad Iqbal Khan,5
Avtar Bhogal,5
Raj Kaushal,4
Deven Verma,4
Govind Menon,4
Amjad Khan,4
Kishore Kumar,4
Satpal,4
Vinay Shukla,4
Vishnupant Govind Damle,4
Feroz Chinoy,4
Sukhwant Dhadda,4
Leena Yadav,4
Amol Shetge,4
P. Vasu,4
S.S. Balan,4
Buddhadev Dasgupta,4
M.A. Thirumugham,4
Ahmed Khan,4
Farah Khan,4
Ashwani Dhir,4
Raj Rishi,4
Sabir Khan,4
Pan Nalin,4
Abhishek Chhadha,4
S.U. Sunny,4
Amit Khanna,4
Sudarshan Nag,4
B.K. Adarsh,4
Sisir Misra,4
Pachhi,4
Mudassar Aziz,4
K.I. Sheikh,4
Akashdeep,4
Shashanka Ghosh,4
Shomu Mukherjee,4
Maneesh Sharma,4
Anand,4
B.H. Tharun Kumar,4
Dada Kondke,4
Jitendra Chawda,4
Muzaffar Ali,4
Deepak Sareen,4
Puri Jagannadh,4
Pavan Kaul,4
K.S. Sethumadhavan,4
J. Mahendran,4
Makrand Deshpande,4
Nitesh Tiwari,4
A.R. Murugadoss,4
Omung Kumar,4
Kunal Deshmukh,4
Mukul Dutt,4
Anil Mattoo,4
Dhirubhai Desai,4
Sudhendu Roy,4
Abhishek Chaubey,4
Sachin P. Karande,4
Meraj,4
Rakesh Sawant,4
Dilip Shankar,4
Milind Ukey,4
Kumar Anand,4
Jyoti Swaroop,4
Vinod Kumar,4
Sourabh Shrivastava,4
Vikas Bahl,4
K.S. Ravikumar,4
Umesh Shukla,4
Sharat Katariya,4
Mohan Sinha,4
Krishna Ghattamaneni,4
Bhushan Patel,4
Kabeer Kaushik,4
Khalid Akhtar,4
Ismail Memon,4
Tara Harish,4
Yash Chouhan,4
Faisal Saif,4
C.L. Rawal,4
Ram Daryani,4
Sridhar Rangayan,4
Ishaan Trivedi,4
Sanjay Chhel,4
Neeraj Vora,4
H.M. Mirza,4
Rohan Sippy,4
Kumar Shahani,4
Mohan Dayaram Bhavnani,4
M.S. Sathyu,4
Nisar Ahmad Ansari,4
Milap Zaveri,4
Ketan Anand,4
Dilip Gulati,4
Luv Ranjan,4
Jagdish Sidana,4
G.P. Sippy,4
Mansoor Khan,4
Ritesh Menon,4
Mani Ratnam,4
Aditya Chopra,4
Manish Gupta,4
Mahendra Shah,4
Shivam Nair,4
Farhan Akhtar,4
Navaniat Singh,4
Sundar C.,4
R. Bhattacharya,4
Robbie Grewal,4
Shaukat Hussain Rizvi,4
Kewal Misra,4
Ramanarayanan,4
Raja Menon,4
Kaizad Gustad,3
S.A. Akbar,3
Neeraj Pathak,3
Tinnu Verma,3
Pawan Kumar Sharma,3
Syed Ahmad Afzal,3
Shree Narayan Singh,3
S.K. Subash,3
Keval P. Kashyap,3
D. Rajendra Babu,3
Ramesh U. Lakhiani,3
Virendra Saini,3
Manibhai Vyas,3
Aijaz Khan,3
Kamalakara Kameshwara Rao,3
Bhalji Pendharkar,3
Kantilal Rathod,3
Jayant Gilatar,3
Akhilesh Jaiswal,3
Shekhar Kapur,3
Gunjal,3
Aditya Om,3
Anthony D'Souza,3
Hriday Shetty,3
R.P. Swamy,3
Tarun Majumdar,3
Bappaditya Bandopadhyay,3
Ken Ghosh,3
Alankrita Shrivastava,3
Rajkumar R. Pandey,3
Pankaj Advani,3
Krishan Chopra,3
B.S. Thapa,3
Sachin Yardi,3
Mukul Abhyankar,3
Virendra Sinha,3
Shammi Kapoor,3
Paresh Vinodray Savani,3
Shashant Shah,3
J.B.H. Wadia,3
Jayant Paranji,3
Gurmmeet Singh,3
Nabh Kumar 'Raju',3
Karan Kashyap,3
Jabbar Patel,3
Vijay Krishna Acharya,3
Rajeev Virani,3
Gogi Anand,3
J.D. Chakravarthi,3
Roop K. Shorey,3
Gautam Adhikari,3
Pawan Kripalani,3
Manish Vatssalya,3
N.D. Kothari,3
Randhir Kapoor,3
Shashank Khaitan,3
Tanveer Khan,3
Avinash Kumar Singh,3
Shekhar S. Jha,3
Deepak Pawar,3
Aditya Kripalani,3
P.C. Barua,3
Prashant Nair,3
Aruna Raje,3
Soumik Sen,3
Prabhat Roy,3
Shakun Batra,3
P. Chandrakumar,3
Prathap Pothen,3
Kodi Ramakrishna,3
Anil,3
Rajesh Bhatt,3
Dara Singh,3
Sanjay Sharma,3
Anil Devgan,3
Aziz Naser,3
Dwarka Khosla,3
Govind Moonis,3
Sunny Deol,3
Raja Bundela,3
Habib Faisal,3
Chandni Gupta,3
D.S. Azad,3
Vishram Bedekar,3
Anjan Dutt,3
Bhisham Kohli,3
Gajanan Jagirdar,3
Rajendra Prasad V.B.,3
Hari Walia,3
Anurag Singh,3
Amole Gupte,3
Prakash Saini,3
Shawn Arranha,3
Vivek Sharma,3
Moti B. Gidwani,3
J.J. Madan,3
Saket Chaudhary,3
Sachin Gupta,3
Wilson Louis,3
N.S. Raj Bharath,3
Raam Shetty,3
Devashish Makhija,3
Homi Adajania,3
Jaideep Varma,3
Neeraj Ghaywan,3
Ravinddra Khare,3
John Mathew Matthan,3
Rajiv Babbar,3
Ashok Nanda,3
K.S. Adiyaman,3
Zaigham Imam,3
Kushan Nandy,3
Ketan Desai,3
S.U. Syed,3
Rajesh Seth,3
Raj Tilak,3
Ramesh Modi,3
Faruk Kabir,3
Chandan Arora,3
Hemant Gaba,3
Shonali Bose,3
S. Bannerjee,3
Ved-Madan,3
Sukhdev Ahluwalia,3
Tanveer Hashmi,3
Rajnish Thakur,3
R. Krishnamurthy,3
Sushil Vyas,3
Chander Vohra,3
S.S. Ravichandra,3
Puneet Sira,3
Ved Rahi,3
Shimit Amin,3
Harish Shah,3
Zia Sarhadi,3
E.V.V. Satyanarayana,3
Suparn Varma,3
Bhagyaraj,3
Shirish Kunder,3
Tony Juneja,3
Rohit Krishnakant Nayyar,3
Dinesh-Ramanesh,3
Joy Augustine,3
Brahmanand S. Singh,3
Lateef Binny,3
Gurmeet Ram Rahim Singh,3
Karunesh Thakur,3
P. Madhavan,3
Kanak Mishra,3
Raman B. Desai,3
Radhika Rao,3
Ajit Dewani,3
M.R. Shahjahan,3
Vinod Dewan,3
Ribhu Dasgupta,3
Kshitij Sharma,3
Ashwiny Iyer Tiwari,3
Ashvin Kumar,3
Ashok V. Bhushan,3
Yogesh Bharadwaj,3
A. Jagannathan,3
Prem Soni,3
Vasant Joglekar,3
Chandra Prakash Dwivedi,3
V.K. Prakash,3
Vidhi Kasliwal,3
Sanjay Khan,3
Ganesh Acharya,3
Chander H. Bahl,3
S. Shankar,3
K. Subhash,3
Rajan Johri,3
Ruchi Narain,3
S.V. Krishna Reddy,3
Prashant Nanda,3
Punit Malhotra,3
Fali Mistry,3
Vijay Sharma,3
Arun Bhatt,3
Sanjay Amar,3
Reema Kagti,3
Ramchandra Thakur,3
Radha Krishna Jagarlamudi,3
Jagdish Nirula,3
Amarjeet,3
Shivram Yadav,3
Parvati Menon,3
Rohit Jugraj,3
Manoj Shidheshwari Tiwari,3
Sanjiv Jaiswal,3
Vinayan,3
Govind Saraiya,3
Sanoj Mishra,3
Harinam Singh,3
Ramesh Puri,3
Rajat Mukherjee,3
Kabir Sadanand,3
Mohan J. Bijlani,3
Khalid Mohamed,3
Anu Menon,3
Manoj Agrawal,3
Vikas Desai,3
N. Maharajan,3
Sohail Tatari,3
Ankush Bhatt,3
Ajai Sinha,3
Devang Dholakia,3
Mrighdeep Lamba,3
Navdeep Singh,3
Atul Sabharwal,3
Ashok Honda,3
Pa. Ranjith,2
Subhash Mukherjee,2
S. Ram Sharma,2
Ashok Mehta,2
Indrajit Singh,2
Soham Shah,2
Vijay Singh,2
G.N. Rangarajan,2
Dinesh D. Awasthi,2
Ramesh Lakhanpal,2
Kapri Vinod,2
Ashim Ahluwalia,2
Dedipya Joshii,2
Sharique Minhaj,2
Ravi Kapoor,2
Revathi,2
Ivan Ayr,2
Joy Mukherjee,2
Birbal,2
Padam Kumar,2
Abhinav Thakur,2
Kanwal Sethi,2
Satyajit Bhatkal,2
Chimanlal Luhar,2
Ejaz Ahmed,2
Mahesh Tillekar,2
Akhtar Hussein,2
Smeep Kang,2
Geethu Mohandas,2
Ranjan Bose,2
Sunder Dar,2
Raj Purohit,2
Amit Saxena,2
Srinivas Bhashyam,2
Raj Bharat,2
Shahid Kazmi,2
Ronit Jadhav,2
Rajan Khosa,2
Sachindra Sharma,2
Mira Nair,2
Sushen Bhatnagar,2
Salahuddin Parvez,2
Pushpendra Singh,2
Stanley Joseph,2
Kamal Amrohi,2
Sanjoy Nag,2
Sartaj Singh Pannu,2
Biplab Roy Chowdhury,2
Paresh Kamdar,2
Sunil Kumar Desai,2
Anant Thakur,2
S. Narayan,2
Kunal v Singh,2
Rajinder Singh Bedi,2
Kapil Kapoor,2
Ashish R. Mohan,2
Jagbir Dahiya,2
Vasan Bala,2
Johny Bakshi,2
Sanghamitra Chaudhuri,2
S.J. Suryah,2
Chakri Toleti,2
Rohit Kaushik,2
Anup Kurian,2
Amit Kumar,2
Ravichandran,2
K.B. Tilak,2
Sharad Sharan,2
Girish Karnad,2
Ranga B.S.,2
Jijo Punnoose,2
Mahesh Dattani,2
Mahaveer Shringi,2
Sidharth Srinivasan,2
Samar Khan,2
Maqbool Khan,2
Vishram Sawant,2
Sunil Hingorani,2
K. Hariharan,2
Moosa Saleem,2
Indrajit Lankesh,2
Kranti Kanadé,2
Madhureeta Anand,2
P. Sambasiva Rao,2
R.K. Rakhan,2
Lalit Marathe,2
Uday Shankar,2
Sai Kabir,2
Debaloy Dey,2
Modhu Bose,2
Renzil D'Silva,2
Bobby Raj,2
B. Prasad,2
Manmohan,2
S.S. Stanley,2
Noshir Engineer,2
Suresh Jain,2
Krishna Shah,2
Manish Srivastav,2
Digvijay Singh,2
Shona Urvashi,2
Ram Narayan Gabale,2
Sameer Khan,2
Pradeep Maini,2
Abhay Chopra,2
Susant Misra,2
Girish Malik,2
Roopesh Kumar,2
Madan Joshi,2
Abhishek Saxena,2
Bhavna Talwar,2
Manmohan Sabir,2
Ajoy Varma,2
Shrabani Deodhar,2
Thampi Kannanthanam,2
Hardik Mehta,2
Vijaya Mehta,2
Seema Kapoor,2
Akbar Khan,2
Girish Dhamija,2
Sanjay M. Khanduri,2
Dayanand,2
Ram Kelkar,2
Shlok Sharma,2
Srinivas Sunderrajan,2
Tarun Mansukhani,2
Akarsh Khurana,2
Jaimin Bal,2
Himanshu Brahmbhatt,2
Dev Benegal,2
Siddharth Malhotra,2
Dilip Shukla,2
Aditya Bhattacharya,2
J.K. Nanda,2
K.S. Gopalakrishnan,2
Sudipto Chattopadhyay,2
Chandulal Shah,2
Anwar Pasha,2
Amitoj Mann,2
Sharankumar Chand,2
Ritesh Batra,2
Akash Jain,2
Hadi Abrar,2
Anil Naryani,2
Ujjwal Chatterjee,2
Jugal Hansraj,2
Sher Jung Singh,2
Rumi Jaffery,2
M.F. Hussain,2
Rahul Bose,2
Subhash Sehgal,2
Ajay Phansekar,2
Manoj K. Jha,2
Pinaki Bhushan Mukherji,2
Shivajee Chandrabhushan,2
Anwer Khan,2
Nandita Das,2
Rajeev Jhaveri,2
Rakesh Ranjan Kumar,2
Devi Sharma,2
Pappu Verma,2
Vinod K. Verma,2
Dhorairaj Bhagavan,2
Madhusudan,2
Zubair Khan,2
Ranjeet,2
Jagdev Bhambri,2
Tariq Khan,2
Saran,2
Qaushiq Mukherjee,2
Venkatesh Daggubati,2
Ramesh Bedi,2
Kaushik Ghatak,2
K.S. Prakash Rao,2
Kookie Gulati,2
Gautham Vasudev Menon,2
Gagan Puri,2
Chandra Barot,2
Murugan Kumaran,2
Faraz Haider,2
Ghorban Mohammadpour,2
Divya Khosla Kumar,2
Mahrukh Mirza,2
Dasaradh,2
Ajoy Biswas,2
Dar Gai,2
Shahrukh Sultan,2
Raju Mavani,2
Shrey Srivastava,2
K.V. Raju,2
Rupesh Paul,2
Shashi Ranjan,2
Kumar Bhatia,2
Saif Baidya,2
Yuvraj Kumar,2
Hira Singh,2
Amit Masurkar,2
Dilip Naik,2
Irfan Kamal,2
Pammi Somal,2
Nikhil Saini,2
Gauri Shinde,2
Sarthak Dasgupta,2
Y. Nageswara Rao,2
S. Ali Raza,2
Arjun Sablok,2
Abbas Tyrewala,2
Feroz Abbas Khan,2
Dilip Bose,2
Irshad,2
Rohit Dhawan,2
Siva,2
Ismail Merchant,2
B. Padmanabham,2
Honeypreet Insan,2
Durai,2
Ashok Kumar,2
Kesar Matharu,2
Sudhish Kumar Sharma,2
Jatin Kumar,2
C.V. Rajendran,2
Tulsi Ramsay,2
Sajid,2
Kamal Swaroop,2
Vishal Mishra,2
Parvati Balagopalan,2
Param Gill,2
Rajasekar,2
Abhishek Dogra,2
Bijukumar Damodaran,2
Ahathian,2
Sudha Kongara,2
Vinod Mukhi,2
Jahnu Barua,2
Tom Alter,2
Hema Malini,2
A. Kodandarami Reddy,2
Bishnu Dev Halder,2
Sandeep Mohan,2
Manish Tiwary,2
Manoj J. Bhatia,2
Umesh Bist,2
Romesh Sharma,2
Atul Agnihotri,2
Rajat Rawail,2
Harish Vyas,2
Sunhil Sippy,2
B. Ramakrishnaiah Panthulu,2
Amar Mullick,2
Ajay Devgn,2
Aniruddha Roy Chowdhury,2
Ashtar Sayed,2
Yakub Hasan Rizvi,2
Sanjay Puran Singh Chauhan,2
Manik Chatterjee,2
Ashish R. Shukla,2
Vijay S. Bhanushali,2
Amar Kaushik,2
Anjanikumar Tripathi,2
Hemchandra Chunder,2
Alo Sarkar,2
Bumpy,2
Praveen Morchhale,2
Bugs Bhargava Krishna,2
Bharat Kapoor,2
Goldie Behl,2
Gopi Desai,2
Tariq Shah,2
Prem Kapoor,2
Vijay,2
Ajay Bahl,2
Jayaraaj,2
Sridevi,2
Kranthi Kumar,2
Balu Mahendra,2
Rohit Mittal,2
Aditya Sarpotdar,2
Shadab Khan,2
Amit Ravindernath Sharma,2
Narendra Singh,2
R. Thakur,2
Nikhil Mahajan,2
Prabhat Kumar,2
Varun Khanna,2
Shakeel Noorani,2
Sadashiv Amrapurkar,2
Sagar Sarhadi,2
Ajay Mehra,2
Sunil Pal,2
Kamal Nathani,2
Hunsur Krishnamurthy,2
Vishwamitra,2
P.A. Arun Prasad,2
H. Dinesh,2
Pravin Bhatt,2
Baby,2
Krishna Naidu,2
Premankur Atorthy,2
Rakesh Chaturvedi Om,2
Gajendra Shanker Shrotriya,2
Hemant Birje,2
Karanjeet Saluja,2
Israr Ahmed,2
William Hunt,2
Ashok Kaul,2
Krishnakant Pandya,2
Swaroop Kanchi,2
Krishna Mishra,2
Biren Nag,2
Sadashiv J. Row Kavi,2
Srijit Mukherji,2
Rajesh Nanda,2
Satyajit Ray,2
Abhinav Kashyap,2
Ajay Yadav,2
M.L. Anand,2
Jagat Joon,2
Nupur Asthana,2
Kuntaa Nikkil,2
Dilip Sood,2
Kishore Vyas,2
Tanuj Bhramar,2
Nishtha Jain,2
Sanjay Khandelwal,2
Kukoo Kapoor,2
S.K. Ojha,2
Anup Malik,2
Yeshwant Pethkar,2
S.M. Yusuf,2
Ayan Mukherjee,2
Arjun Sarja,2
Yusuf Naqvi,2
Nazir,2
Kiran Ramsay,2
Rajesh Bakshi,2
Harsh Kohli,2
Nassar,2
Sanjay Soorkar,2
K. Vijayan,2
V.C. Desai,2
Hamid Ali Khan,2
Prem Lalwani,2
Mohan Sharma,2
Arshad Siddiqui,2
Dharmendra Suresh Desai,2
Amrit Sagar,2
Abhishek Varman,2
Jaideep Chopra,2
Jayoo Patwardhan,2
Vishal Mahadkar,2
Vierendrra Lalit,2
Ravi Sinha,2
Sheershak Anand,2
Chandra Sekhar Yeleti,2
Saurabh Varma,2
Hemant Madhukar,2
Riyad Vinci Wadia,2
Balasekaran,2
Ramana,2
Samit Kakkad,2
Kashinath,2
K.B. Lall,2
Ravi Rai,2
Shashank Udapurkar,2
Ravi Dewan,2
M.I. Dharamsey,2
Shoib Nikash Shah,2
Manish Jha,2
S. Sukhdev,2
Sardar Talukdar,2
Ram Pahwa,2
Ajit Chakraborty,2
Asit Kumar Sen,2
Niren Lahiri,2
Imran Khan,2
Avinash Das,2
Ajay Bhuyan,2
Deepak Ramsay,2
Latif Faiziyev,2
Sibte Hassan Rizvi,2
Prashant Chadha,2
Krishna Gopal,2
Ravi Raja,2
G.V. Iyer,2
K.D. Satyam,2
Karan Malhotra,2
Kader Kashmiri,2
Abdul Qayyoom Khan,2
Jyoti Sarup,2
Tanvir Ahmed,2
N.T. Rama Rao,2
Sudesh Issar,2
Soumitra Ranade,2
Jasbir Bijender Bhati,2
Lal Vijay Shahdeo,2
Kireet Khurana,2
Ajay Goel,2
Manish Harishankar,2
Anurag Jha,2
Vijay Kapoor,2
Rakesh Parmaar,2
Sandip Ray,2
Gurinder Chadha,2
Teerat Singh,2
Inayat Mahshar,2
Kamal,2
Renju Ramesh,2
Hemant N Mishra,2
Robin Khosla,2
Samarth Mahajan,2
R.K. Selvamani,2
Pankaj Johar,2
Arup Dutta,2
Sunil Prem Vyas,2
Chandrakant Kulkarni,2
Irfan Khan,2
Karan Butani,2
Rajesh Ganguly,2
Gautam Verma,2
J.K. Bihari,2
Sanjeev Kumar Rajput,2
Satish Rajwade,1
J.S. Randhawa,1
Rohit Manash,1
Rohena Gera,1
P. Som Shekar,1
Himanshu Bhatt,1
Rajatesh Nayyar,1
Umesh Vinayak Kulkarni,1
Vishesh Bhatt,1
Musavir Jaleel,1
Navin Kumar,1
Girish Trivedi,1
Karu Pazhaniappan,1
Kali Prasad Ghosh,1
Y.V.S. Chowdary,1
Atlanta Nagendra,1
Manjeet Singh,1
Manoj Tyagi,1
Shareeph Mansuri Saranawala,1
Ajit Pal Mangat,1
Harish Kumar,1
Prashamit Chaudhury,1
Raju Desai,1
R.N.R. Manohar,1
Utkarsh Dev,1
Arindam Nandy,1
Rahul Aggarwal,1
Vinod Chhabra,1
Anil Dhoble,1
Ranjan Shandilya,1
Jijy Philip,1
Rati Agnihotri,1
Sapna Bhavnani,1
Piyush Bose,1
Nakul Singh Sawhney,1
Raaghav Dar,1
Indrajeet Singh Bansal,1
Hyewon Jee,1
Arpa Khan,1
Nicolas Chevaillier,1
Nagarjuna Akkineni,1
Rakesh Kakaria,1
Prabhakar Meena Bhaskar Pant,1
Samir Soni,1
Gaurav Pandey,1
Seong-gyou Lee,1
Karan Radhakrishna,1
Neelam r Singh,1
Esshan Katara,1
Murugan V.,1
Ajit Sinha,1
Ravi Udyawar,1
Ajit P. Bhairavkar,1
Manoj Singh,1
Raghuvir Kul,1
Mazhar Kamran,1
Rohit Philip,1
Manjari Makijany,1
Babloo Seshadri,1
Anadinath Bannerjee,1
Prabal Baruah,1
Gautam Siddhartha,1
Santosh Saroj,1
Akhtar Mirza,1
Hameed Alam,1
Reema Rakesh Nath,1
Padmini Kapila,1
Veerendranath Yandamoori,1
Munish Bhardwaj,1
Hemnt Praddeep,1
Anshul Sinha,1
Tiffanie Hsu,1
Jaidev Chakraborty,1
Binod Pradhan,1
Pushkar Mahabal,1
Kamal Mehra,1
Dilshad Ahmad,1
Tarun Madan Chopra,1
Savin Tuscano,1
Shekhar Ramesh Mishra,1
Sunil Shah,1
Shakir Shah,1
Rajiv Chilakalapudi,1
Mahmood Khan,1
Sunder Pal,1
Tiwari,1
Geetika Narang Abbasi,1
Girish Juneja,1
Jeetu Arora,1
Ziaullah Khan,1
Shiladitya Moulik,1
Ritesh s Kumar,1
Pravesh Bhardwaj,1
K.S. Ravi,1
Piyush Kumar,1
Antara Mali,1
Ajay Lohan,1
Samir Tewari,1
Rob Fruchtman,1
Andrzej Bartkowiak,1
Vara Mullapoodi,1
Uma Maheswara Rao,1
Pon Kumaran,1
Suhas Kadav,1
Shashank Kumar,1
Kushal Srivastava,1
Jeffrey Gee Chin,1
S. Sunil,1
Dipanshu Dang,1
Sanjeev Sharma Ronkel,1
D.N. Madhok,1
Gaurav Jani,1
Nitin Chandra,1
Ranjeet Gupta,1
Pryas Gupta,1
Sudeep Ranjan Sarkar,1
Mitra Sen,1
Aziz Khan,1
Anupam Kher,1
Raj Amit Kumar,1
Neeraj Sahay,1
Diane Cheklich,1
Naeem Sha,1
Danish Raza,1
Pablo César,1
Sanjay Patel,1
Prashant Johari,1
Shaji N. Karun,1
Rajesh Shera,1
Abhinav Shiv Tiwari,1
Vishal Aryan Singh,1
Debatma Mandal,1
Sumit Sinha,1
Manmohan Krishna,1
Shahid Kabeer,1
Mahesh Rajmane,1
Piyush Jha,1
Vandana Kataria,1
Marina Libik,1
Devika Bhagat,1
Ajeet Kumar,1
K.K. Singh,1
Abhishek Pathak,1
Jairaj Padmanabhan,1
Richie Mehta,1
V. Krishna Kumar,1
Abhay Chhabra,1
Jawar N. Sitaraman,1
Mehrish,1
Vipin Parashar,1
Ashok,1
S.S. Kulkarni,1
S Krishna,1
Vikas Kavthekar,1
Shamshad Pathan,1
Rajeev Bhatia,1
Amy Thanawala,1
Fenil Seta,1
Vipin Handa,1
Sujeet Kumar,1
Apurva Asrani,1
Sachin Kamlakar Khot,1
Shalini Harshwal,1
Illangkannan,1
Sanal Kumar Sasidharan,1
C. Jenner Jose,1
Wasi Khan,1
Mehernosh Kapadia,1
Jasmine D'Souza,1
Satish Nigam,1
Bhupender Gupta,1
Wajahat Mirza,1
Udai Singh Pawar,1
Jitin Rawat,1
Ashok Chopra,1
Manu Prakash Singh,1
Bharathan,1
Dheeraj Sharma,1
Jogesh Sehdeva,1
Sumeer Sabharwal,1
A.K. Bir,1
Hidayat Khan,1
Sreenu Vaitla,1
Dhalapathi,1
Baadal,1
Abhijeet Kumar,1
V. Nagendra Prasad,1
Nagulan Ponnusamy,1
Mohan Savalkar,1
Sachin Bajaj,1
Shripal Morakhia,1
R. Chandra,1
Rita Bhaduri,1
Kant J. Parmar,1
Aishwarya,1
Om Sai Prakash,1
Rakesh Prasad,1
Sudeep,1
Jagan Shakti,1
Krishna Agazzi,1
Ramchandra P.N.,1
Anand Kumar,1
Raj Marbros,1
Vetrimaaran,1
Aban Bharucha Deohans,1
Vijay Jayapal,1
Aditya Dhar,1
Anil Wasia,1
Hassan Nazer,1
Anant Mane,1
Subroto Paul,1
Srikanth Velagaleti,1
Devendra Mukherjee,1
Ashish Avikunthak,1
Prabhat Khanna,1
Ratilal Hemchand Punatar,1
Sanjay Srinivas,1
K. Subash,1
Jayesh Pradhan,1
Munindra,1
Mohana Krishna Indraganti,1
V.N. Aditya,1
Jeppi,1
Kiran Kumar,1
Ram Madhvani,1
Shiv Sahni,1
Kalpana Bhardwaj,1
Soni Razdan,1
Saurab Narang,1
Hari Dutt,1
K. Babuji,1
Dipu Karunakaran,1
Mohsin Abrar,1
Abhishek Jawkar,1
V.K. Singh,1
Amaan Khan,1
Afzal Khan,1
Swamy V.S.R.,1
R.G. Thaker,1
Milind Dhaimade,1
Rakesh Kudalkar,1
R. Madhesh,1
Jaspal Singh,1
Dilip Kumar,1
Bat for Lashes,1
Prahlad Dutt,1
Jai Tank,1
Ramanna T.R.,1
Mohan Kavia,1
Rebecca Haimowitz,1
Raja Thakur,1
Mikhil Musale,1
Vibha Bakshi,1
Raju Subramaniam,1
Neerav Ghosh,1
Rahul Jain,1
Sudarshan K. Rattan,1
N.V. Deshpande,1
Atul Sriva,1
Babu Mohan,1
Saahil Prem,1
Dharmesh Tiwari,1
Pradeep Kumawat,1
Harish Raut,1
Ashish Lal,1
Samir Joshi,1
Janaki Vishwanathan,1
Sultan,1
Lom Harsh,1
Abbas,1
Nasir Shaikh,1
Harish,1
Mangesh Hadawale,1
B.K. Singh,1
Ismail Darbar,1
Prabhat Sachdeva,1
Ravindra Singh,1
Nandita Singgha,1
Rohit Vaid,1
Suvendu Ghosh,1
Dinkar Kapur,1
Meera Jasmine,1
Rajeev Gautam,1
Ambarish,1
Brando Bakshi,1
Adeeb Rais,1
Mahesh Kodiyal,1
Gitanjali Sinha,1
Nusrat Sayyed,1
Cherag Ruparel,1
Kirti Reddy,1
Agneya Singh,1
Vijay Pal,1
Mridul Mahendra,1
Sahil Sangha,1
S.R. Puttana Kanagal,1
Anand Tiwari,1
Santosh Kumar Chauhan,1
Indervesh Yogee,1
Rajan Waghdhare,1
Kajal Naskar,1
Akram Shaikh,1
Ken Khan,1
Sunny Bhambhani,1
Raj Shetty,1
Sandeep Chaudhary,1
Tariq Bhat,1
Jatla Siddartha,1
Saif Ali Sayeed,1
Aditya Warang,1
Jagdeep,1
Hemant Prabhu,1
Wanphrang Diengdoh,1
Vijay Talwar,1
Harbans,1
Nakhshab Jarchavi,1
Rajesh Krishnan,1
Nikhil Bhat,1
Sumitra Bhave,1
Girish Girija Joshi,1
Manish Acharya,1
Sharadsingh Thakur,1
Saandesh Nayak,1
Joe Rajan,1
Jayabrato Chatterjee,1
Pawan Kumar,1
Sameer Sharma,1
Pardeep Raja,1
Prabhuraj,1
Zakir Khan,1
Laxman Utekar,1
Paul Zils,1
Shammi Chhabra,1
Ranjit Tewari,1
A. Veerappan,1
Aanand Raut,1
Prithviraj Sukumaran,1
Vaibhav Misra,1
Tabrez Noorani,1
Aadish Keluskar,1
Rafeeq Ellias,1
Siba Mishra,1
Charudutt Acharya,1
Kailash Surendranath,1
Kushal Ruia,1
Abhiraj Minawala,1
S. Manasvi,1
Bhabhani Prasad,1
Hemanth Kumar,1
Rajendra Kumar,1
Gautam Joshi,1
Vijay B.,1
Yogesh Mittal,1
Selva,1
Dharan Mandrayar,1
Nitin Raghunath,1
Ashish Bhavsar,1
Ashima Chibber,1
Manan Katohora,1
Shyam Bharteey,1
Manobala,1
Manuela Bastian,1
S. Karnam,1
Sarankant,1
Veerendra,1
Bhupen Hazarika,1
R.C. Sakthi,1
Kishore Bhargav,1
Suresh Kumar Sharma,1
Amit Virmani,1
Gorky,1
Ajay Devaloka,1
Abhishek Bindal,1
Kabir Singh Chowdhry,1
Muhafiz Haider,1
Rajat Bhardwaj,1
Tabrez Hashmi,1
Ramanjit Juneja,1
Ajit Singh Deol,1
Aryan Neeraaj Anand,1
R.S. Ghelan,1
Faisal Simon,1
Jeffrey D. Brown,1
Sandeep A. Varma,1
Moeen Amjad,1
Amit Mitra,1
Saad Khan,1
Kottayam Chellappan,1
Milroy Goes,1
Faredoon A. Irani,1
H. Rajhans,1
Alexander,1
Sourabh Bali,1
Vijit Sharma,1
Asad Shan,1
Megha Ramaswamy,1
Naseeruddin Shah,1
Kanwal Biala,1
Rajesh Vakil,1
Venod Mitra,1
Gunasekhar,1
Akshay Roy,1
Rahul Shanklya,1
Kamal Sahni,1
Sandeep Bhatt,1
Mahesh Babu,1
Hamid Ali,1
Ritu Sarin,1
A.T. Raghu,1
Jiten Purohit,1
Kewal Kumar,1
Mohinder,1
Jeet Matharru,1
Zeishan Quadri,1
Pran,1
Justin John,1
Afzal Ahmad,1
Visakh G S,1
U.C. Roshan,1
Marco Hülser,1
Manikya Raju,1
Deepika Narayan Bhardwaj,1
Manish R. Khandelwal,1
Ranveer Pratap Singh,1
Pulkit,1
Rao C.S.R.,1
Kashmira Shah,1
H.K. Shivdasani,1
Aashish Sinha,1
Willard Carroll,1
Kartick Chattopadhyay,1
Govind Kulkarni,1
Gopi Puthran,1
Jain Rakesh,1
Sooni Taraporevala,1
Teja,1
K. Mishra,1
Ganpati Bohra,1
Deepshikha Nagpal,1
Mandi Burman,1
Nabyendu Chatterjee,1
Abhiram,1
Neeraj Udhwani,1
Pradip Krishen,1
Anant Tripathi,1
Ellis Dungan,1
Salim Suma,1
P. Chandra Kumar,1
Baba Azmi,1
Ganesh Mehta,1
Sushmit Ghosh,1
Jignesh V. Vaishnav,1
Haidar Ali,1
Rajkumar,1
T.N. Balakrishna,1
Faisal Kapdi,1
P. Pullaiah,1
Ravi K. Chandran,1
Ashok Gupta,1
Leela Prasad,1
Trisha Krishnan,1
Jeetu,1
Pankaj Kapur,1
Aman Sagar,1
Prem Chopra,1
Vikram Pradhan,1
Suneil Anand,1
K. Vasu,1
Sathya Prabhas Pinisetty,1
K. Ravi Raj,1
Sasikumar,1
Usha Ganesarajah,1
Samudra V.,1
Rajesh Ranshinge,1
Chapour Haghighat,1
Gopi Sapru,1
Arjun Bali,1
Utpal Kalal,1
Sankalp Reddy,1
Vikramjit Singh,1
Anshul Adhikari,1
John Owen,1
Urmila Matondkar,1
Faisal Khan,1
Gyan Correa,1
Aditya Kumar,1
Arindam Chaudhuri,1
Saurabh Gulab Rao,1
Taranjiet Singh Namdhari,1
Darshan Bagga,1
Shujaat Saudagar,1
Kamal Sadanah,1
Tannishtha Chatterjee,1
Ruchika Muchhala,1
Amit Rai,1
Vijay Patkar,1
Arjun Singh,1
Atul Harishanker,1
Manoj Adhikari,1
Aarun Nagar,1
Sisir. P. Mishra,1
Subhash Agrawal,1
Frank Gladstone,1
Shamin Desai,1
Aloknath Dixit,1
Ajay K Saklani,1
Sudhir Pillai,1
Mukesh Mishra,1
Tushar Hiranandani,1
Gajendra Chauhan,1
Parth Sharma,1
Anamika Haksar,1
Anand Surapur,1
Surendra Kumar Bohra,1
B.J. Patel,1
Dharam Kumar,1
Zunaid Memon,1
Atanu Mukherjee,1
Glória Halász,1
Praful Tiwari,1
Amit Roy,1
Anil Chorasiya,1
Akshay Shere,1
Dinesh Parihar,1
Prashant Singh Rathore,1
Dhwanil Mehta,1
Jeeva,1
Ashoke Pandit,1
C.M. Jain,1
Simi Garewal,1
Tushar Waghela,1
Anand Gandhi,1
Sanjeev Sharma,1
Anil Pandit,1
Niharika Popli,1
Param Tomanec,1
Adi Irani,1
Sareesh Sudhakaran,1
Prince,1
Shaik Khaja Hussain,1
Ram Devineni,1
Goswami Anurag,1
Vikas Khanna,1
Shravan Kumar,1
Nandakishore,1
Sunit Sinha,1
Avinash Abhimanyu,1
Daniel Kremer,1
Hersh Kinnu,1
Chetan Sharma,1
Iqbal Baksh,1
Sattwik Mohanty,1
Aryeman Ramsay,1
Seema Bhargava,1
Ashish Dubey,1
Vijay Ghatge,1
Sanjay Dayma,1
Chetan Desai,1
Prajact Rebeloma,1
Jonathan Augustin,1
Megastar Maharishi Aazaad,1
Krishan Hooda,1
Ritam Srivastav,1
Bela Segal,1
Sandeep Mishra,1
Luke Kenny,1
Ritesh Sharma,1
Milind Rau,1
Nana Kldiashvili,1
Mustufa Raj,1
Rackhee Sandilya,1
Zaheer D. Lari,1
Vivek Kumar,1
Rahul Bhole,1
Nanda Anand,1
Anwar Jamal,1
Dushyant Pratap Singh,1
Sanjay Kak,1
Lasse Hallström,1
Thulasidas,1
S. Kumar,1
Nayan Pachori,1
Bornila Chatterjee,1
Ravi Godse,1
Pradeep C. Shetty,1
Faruq Masudi,1
Nikhil Mahar,1
Dhruv,1
Meenal Dixit,1
Anil Kumar,1
Anshul Sharma,1
Sudhir R. Nair,1
Govind Sakariya,1
K.S. Ravindra,1
Kumar Raj,1
Viji Thampi,1
Srihari Nanu,1
Arun K. Pathak,1
Rajiev Dhingra,1
A. Muthu,1
Vineet Khetrapal,1
P.G. Viswambharan,1
Rajsekhar,1
Chittaranjan Tripathy,1
Anand Gaekwad,1
Kaashvi Nair,1
A.P. Nagarajan,1
Romney Dey,1
P.P. Ghosh,1
N. Narasimharao,1
Gyan Sahay,1
Prem Adib,1
Pradip Jain,1
Sukumar Nair,1
Surinder Kapoor,1
Ravinder Ravi,1
Balbir Wadhawan,1
Deepa Sahi,1
Mandeep Kumar,1
Subhash Sharma,1
Raajeev Walia,1
Maruti Rao,1
Sudhir Dalvi,1
Raghav Jairath,1
Gurpreet Sondh,1
Ratnaa Sinha,1
Baboobhai Bhanji,1
Pratap Singh,1
Mansi Dovhal,1
C.V. Sasikumar,1
Y. Eshwara Reddy,1
Rajiv Maikhuri,1
Madan Bawaria,1
Sridhar Allani,1
Bruce Parry,1
S.M. Raza,1
Advait Chandan,1
Krishnakant,1
Dada Mirasi,1
K. Bikram Singh,1
Hemendra Kumar Singh,1
Gaurav Panjwani,1
Ram Kamal Mukherjee,1
Mohsen Makhmalbaf,1
Sarvottam Badami,1
Pratima V. Kulkarni,1
Shakirul Alam,1
Nitin Gupta,1
Bappaditya Roy,1
Deepthi Tadnaki,1
Vinod Tiwari,1
Sandeep Kumar Chandola,1
Abhik Bhanu,1
Muazzam Beg,1
Jwalamukhi,1
Jeethu Joseph,1
Ashok Ghai,1
Mohit Takalkar,1
K. Mahesh Sukhadhare,1
S.P. Balasubrahmanyam,1
Naeem Basit,1
Abrar Alvi,1
Parvin Dabas,1
Jagatrai Pesumal Advani,1
Gaël Métroz,1
Prabhu Rathod,1
Abhigyan Jha,1
Syed Hussain,1
Nitin Mahadar,1
V. Ravichandran,1
James Erskine,1
Bharti Niranjan,1
Anirudh Chawla,1
Suresh Issar,1
Shirley Abraham,1
Wes Anderson,1
Nicholas Meyer,1
Gurudev Bhalla,1
Rajesh Ramdev Ram,1
Karan Vishwanath Kashyap,1
Khalid Y. Batliwalla,1
Thomas Jacob,1
Rehman Naushad,1
Navneet Behal,1
Parvinder Singh Wraich,1
Om Raut,1
Jaspal Bhatti,1
Satish Kasetty,1
Chawla,1
Abhijit Panse,1
Dil Kumar,1
Ravi Vide,1
Nazar Khan,1
N. Linguswamy,1
A. Majid,1
V.C. Guhanathan,1
Ajay Ojha,1
Mohammed Israr Ansari,1
A.R. Zamindar,1
Veeru Dwait,1
Inder Sen,1
Dakxin Bajrange,1
Udayshankar,1
Senthilnathan,1
Shubh Mukherjee,1
Vijay Ratnakar Gutte,1
James Ivory,1
Jayanta Basu,1
Andreas Koefoed,1
Steven Spielberg,1
Shankar Addi Mehra,1
Ardeshir Irani,1
Raju Eswaran,1
Akshay Singh,1
K.P. Singh,1
T.R. Raghunath,1
Nag Ashwin,1
Kedar Shinde,1
Ram Govind,1
B. Gupta,1
Mark Ratering,1
Shekhar Ghosh,1
Raj Madiraju,1
Jim Goldblum,1
Pramod Pathak,1
Vipul K. Rawal,1
Salil Choudhury,1
Akshay Akkineni,1
Navin Batra,1
Pankaz Singh Tanwar,1
Shammi,1
Vivek Budakoti,1
Ramesh Khatkar,1
Rajesh Pillai,1
Adarsh Eshwarappa,1
Antariksh Jain,1
Xavier Agudo,1
Indranil Roychowdhury,1
Milind Gadagkar,1
Inder Raj Anand,1
R.S. Choudhury,1
Manav Sohal,1
K. Asif,1
Hridesh Kamble,1
Arun Nalawade,1
Satish Kumar,1
Santanu Bhowmick,1
Sukhen Das,1
Yogesh Dattatraya Gosavi,1
Ram Dayal,1
Anita Guha,1
Paidi Jairaj,1
Yogesh Ingole,1
Deva Katta,1
Kumar Dave,1
R.S. Prasanna,1
Sanjay Jha,1
Abhay Kumar,1
Subhankar Ghosh,1
Samarth Dixit,1
Nadeem Khan,1
Hitesh Kewalya,1
Shreyas Talpade,1
Kumar Pradeep,1
Kanu Behl,1
Hemant Nilim Das,1
Amit Singh,1
Yogesh Saxena,1
Sourabh Shrivastav,1
Faiza Ahmad Khan,1
Aamreeta Gautam,1
Danny Denzongpa,1
Ashok Kheny,1
B.B. Bhalla,1
Prashant Bhargava,1
Hargobind Duggal,1
Nivedita Basu,1
Ajay Kumar,1
Sanjay Goel,1
Dr. Jay,1
Tahir Hussain,1
Prosit Roy,1
Devesh Pratap Singh,1
Deepti Gupta,1
Rahi Anil Barve,1
Suresh Triveni,1
Seema Desai,1
Komal Tolani,1
Sudhir Durlabh Tandel,1
Dinesh S. Yadav,1
Ektara Collective,1
Manojkumar,1
Raj Singh Chaudhary,1
Rudra Matsa,1
Prem Prakash Modi,1
A.L. Vijay,1
Vayalar Madhavan,1
Punarvasu Naik,1
Din Dayal Sharma,1
Aron Govil,1
Attaullah Khan,1
Iqbal Khan,1
Jaiprakashk Vinayak,1
Owais Husain,1
Anshai Lal,1
Pamela Rooks,1
Anupam Sinha,1
Renuka Shahane,1
Jitendra Pawar,1
Nabendu Ghosh,1
Aarti S. Bagdi,1
Michael Winterbottom,1
Yusuf Qasmi,1
Ratan Sil Sarma,1
Shubham Singh,1
Rajan Thakur,1
Manmohan Singh,1
Heena Dsouza,1
Vishnu Mathur,1
Bhupeshwar Tyagi,1
Shailendra Singh,1
Anusha Rizvi,1
Perarasu,1
Paritosh Painter,1
Joseph Thaliyath Jr.,1
Boopathy Pandian,1
Rono Mukherjee,1
P.S. Murthy,1
Taranveer Singh,1
Vijay K. Bhaskar,1
Stanley D'Costa,1
Chander Mishra,1
Ajit Varma,1
Vijay Suthar,1
Arindam Mitra,1
Prakash Nambiar,1
Vickey S. Kumar,1
Raj Sharma,1
Anand Prasad Kapoor,1
Rohit Arora,1
Raja Nene,1
Rahul Rajan,1
Sathish,1
Rajesh Nahta,1
Kunaal Roy Kapur,1
Yûgô Sakô,1
Miriam Chandy Menacherry,1
Sathish Ranjan,1
Anil Dhanda,1
Naseem,1
Arvind Pratap,1
Honey Trehan,1
Kannan,1
John Madden,1
Rakhan,1
Dinesh Vijan,1
David Atkins,1
G.T.B. Harvey,1
Amira Bhargava,1
Durgesh Kumar,1
Deepak Ramteke,1
Bhupendra Bhattarai,1
K. Shivram,1
Rakshit Dahiya,1
Abhijit Kokate,1
Sudharshan Lal,1
J. Misra,1
Deepak Mahajan,1
Anil Ballani,1
Nitin Tiwari,1
Keshavrao Dhaiber,1
Vishwas Patil,1
Ashok Kohli,1
Sulabha Deshpande,1
Sachin Bhowmick,1
Chotu Bihari,1
Roland Joffé,1
Johannes Roberts,1
Ashish Kumar,1
Satish Torani,1
James Dodson,1
Lakhwinder Shabla,1
K. Parvez,1
Vedantam Raghavaiah,1
Dinkar Rao,1
Chandrakant Joshi,1
Prithvi Konanur,1
Saif Hyder Hasan,1
Avani Rai,1
Iqbal Raj,1
Chitra Shenoy,1
Ashfaq Makrani,1
Rikhil Bahadur,1
Sarmad Khan,1
Maneej Premnath,1
G.S. Murthy,1
Jagan,1
Kanika Batra,1
Bhavin Wadia,1
Viji Chandrashekhar,1
Asif Kapadia,1
Raju Khan,1
Jay Kumar,1
Ramin Bahrani,1
Chandra,1
Nitin Manmohan,1
V.K. Choudhary,1
Tanushri Chattrji Bassu,1
Rajesh Bachchani,1
Shiva Thejus,1
Karan Ashar,1
Puneet Issar,1
Rajiv Kapoor,1
Satya Gopal Bhatnagar,1
Sunil K. Reddy,1
R. Sundarajan,1
Abhishek Utkarsh Deokar,1
S.S. Dharwadkar,1
Boyapati Srinu,1
Danis Tanovic,1
Amitabha Singh,1
Rajeev Raj,1
Sanjeev Gupta,1
Sanjoy,1
Kasthuri,1
Kapil Dev,1
Sunil R. Prasad,1
Anup Singh,1
Samarjit Dasgupta,1
Girish Manukant,1
Pranav Singh,1
Ismail Inamdar,1
Imtiaz Khan,1
Raghav Murali,1
Saket S. Behl,1
Sanjay Jadhav,1
Sanjay Talreja,1
Ram Kumar,1
T. Madhava Rao,1
Shriram Bohra,1
Rudra Patla Venugopal,1
Subrata Bose,1
Pushan Kripalani,1
Susi Ganesan,1
Manika Sharma,1
Rani Mukerji,1
Samar Chatterjee,1
Alok Shrivastav,1
Bauddhayan Mukherji,1
Jeremy Guy,1
Rajnish Bahl,1
Gaurav Bakshi,1
Sanjeev Reddy,1
Vickrant Mahajan,1
Raghubeer Singh,1
V. Ravindra,1
N.K. Ziree,1
Devender Kumar Pandey,1
Chitraarth,1
Jayant Prabhakar,1
Shiva Shakti Datta,1
Shahab Shamsi,1
T.R. Sundaram,1
Mustafa Engineer,1
A. Venkatesh,1
Thiru,1
Rajni Chandra,1
Apurva Dhar Badgaiyann,1
Mumtaz Begum,1
Surjit Gill,1
R.K. Bannerjee,1
Pritish Chakraborty,1
Ujjwal Singh,1
Dharam Prakash,1
Rabindra Dharmaraj,1
Manu Rewal,1
Ayush Upadhyay,1
S. Waris Ali,1
Surya Prakash,1
Chandrashekhar,1
Shivendra Singh Dungarpur,1
Nocem Collado,1
Arati Kadav,1
Kishan Shrikanth,1
Sadaqat Hussein,1
Bikas Ranjan Mishra,1
R.D. Mallik,1
Kuldeep Ruhil,1
Kumud Chaudhary,1
Jayashree Kanal,1
Jose Punnoose,1
Rajesh. K.,1
Prem Prakash,1
Ravindra Singh Rajawat,1
Bedabrata Pain,1
Suneet Arora,1
Safdar Rahman,1
Priyanka,1
Devanshu Singh,1
Ranjit Kapoor,1
Kanmani,1
Mrityunjay Devvrat,1
Rajesh S. Jala,1
Mehran Amrohi,1
Radheshyam Pipalwa,1
Harmage Singh Kalirai,1
Shekhar Sirrinn,1
Pratik Mittal,1
Motilal,1
M.M. Baig,1
Binayak Das,1
Rosauro Adorable,1
Rajesh Babbar,1
Pramod Joshi,1
Sameer Joshi,1
V.K. Naik,1
Ramu Kariat,1
Atish Tripathi,1
Janak Toprani,1
Akshay Indikar,1
Ravi Kumar,1
Satyanarayana,1
Supavitra Babul,1
Gurvinder Singh,1
Csaba Bene Perlenberg,1
K Sharif,1
Ram Kamlani,1
Deb Medhekar,1
Sanju K. Gupta,1
Tarun Dutt,1
Suvahhdan Angre,1
Raja,1
Sourav Sarangi,1
Kamakhya Narayan Singh,1
Van Maximilian Carlson,1
Mahesh Mathai,1
Dinesh P. Bhonsle,1
Bhanu Pratap Singh,1
Poonam Dasgupta,1
S. Gawli,1
Tej Saran,1
Sumbul Gazi,1
Gemini Ganesan,1
Bhooshan,1
Sayed Faizan Hussain,1
Nishil Sheth,1
Pesi Karani,1
Shaurya Singh,1
Sneha Taurani,1
Mahender Singh,1
Anil Bajpai,1
Ashish Deo,1
Tarun s Bisht,1
Behzad Khambata,1
Suman Ganguli,1
Kaustav Narayan Niyogi,1
Marion Rodrigues,1
Naman Nitin Mukesh,1
Karan Kandhari,1
Jugal Raja,1
Irshad Khan,1
Jagdish Rajpurohit,1
Rima Das,1
Anvita Dutt,1
Soumendra Padhi,1
Kabir Mehta,1
Pankaj Kumar,1
Sanjivan Lal,1
Bobby Kumar,1
Robert Lieberman,1
Danish Aslam,1
Amit Vats,1
Inka Achté,1
Mohd Feroz Qureshi,1
Prakash Arora,1
Gitanjali Rao,1
Narayana Rao Uppalapati,1
Pia Sukanya,1
Amlan Datta,1
Chandersen Singh,1
Subodh Nagdeve,1
Siddique,1
Samar Iqbal,1
Sameer Thahir,1
Sandeep Pandey,1
Ananya Kasarvalli,1
Chhatrapal Ninawe,1
Aleya Sen,1
Jasper,1
M J Ramanan,1
Sanamjit Singh Talwar,1
Rajendra Singh 'Atish',1
Japinder Kaur Baweja,1
S.N. Banerjee,1
B. Krishna Rao,1
Shrirang Dhhavale,1
Sushikailash,1
Gopal Malhotra,1
Ashim Bhattacharya,1
Anil Senior,1
Lalji B. Yadav,1
N. Sankaran Nair,1
Naresh Lalwani,1
Ravi Adhikari,1
Onkar Nath Mishra,1
Mukesh Chhabra,1
Anand Dutta,1
Arun Kaul,1
K. Narayan Kale,1
Snehashish Mondal,1
M.S. Ramesh,1
Mohan Choti,1
Prahlad Sharma,1
M. Kumar,1
K. Gopal Krishnan,1
Kiran Rao,1
Arun Kumar Rapolu,1
Dharani,1
Juhi Chawla,1
Akash Pandey,1
Debu Sen,1
Homi Master,1
Rajesh Khanna,1
Madan Mohla,1
B. Mitra,1
Ashok G.,1
K.S. Rami Reddy,1
Tonje Gjevjon,1
V. Avadhoot,1
Bhanupriya,1
Imtiaz Punjabi,1
Steven Lake,1
Gurdip Singh,1
Sumana Mukherjee,1
Aashish Chanana,1
Raaj Shaandilyaa,1
Linda Aïnouche,1
Bhagwati Prasad Mishra,1
Bhooshan Lal,1
Jean-François Pouliot,1
Vicky Tejwani,1
Raghuraj,1
Hadi ali Abar,1
Pappu Palviendra,1
Agrawal Mukesh Narayan,1
Joel Palombo,1
Mahendra Teredesai,1
Deepti Naval,1
P.D. Shenoy,1
Raja Paranjpe,1
Jitu Thakar,1
Manish Saini,1
Ravi Varma,1
Raj Mohan,1
Sagar Pathak,1
Allari Naresh,1
Swapna Joshi,1
Sohan Roy,1
Aroop Adhikari,1
Chandrakant Kanse,1
K. Shrivastava,1
Abhimanyu Chauhan,1
Arbaaz Khan,1
Yogesh Raj Mishra,1
Bela Negi,1
Aditi Roy,1
Babu Yogeswaran,1
Anand Balraj,1
Aarthi Agarwal,1
Shashi Sudigala,1
Joshiy,1
G.S. Vijayan,1
Chaitanya Tamhane,1
Dilip Mehta,1
Shadab Ahmad,1
Deven Bhojani,1
Dilip Ghosh,1
Nachiket Samant,1
Gurbir Singh Grewal,1
Manu Warrier,1
Khan Aleena,1
Ajay Koli,1
Sanjay Tripathy,1
Kiran Nakti,1
Surya Lakkoju,1
Pushkar Manohar,1
Kamika Verma,1
Balmukund Tripathi,1
Bipin Nadkarni,1
Fuwad Khan,1
Jitendra Singh Naruka,1
Masud Mirza,1
Aziz Chhapra,1
Sanjeev Naik,1
Paresh Naik,1
Pattanna,1
Pughalmani,1
Jayoo,1
Romilla Mukherjee,1
Rajiv Goswami,1
Raja Sen,1
Virendra Sharma,1
Chander Sharma,1
Utpalendu Chakrabarty,1
Sanjeev Vedwan,1
Sunaina Bhatnagar,1
Prashant Passy Pilley,1
Akiv Ali,1
Krishnadev Yagnik,1
Piyush Sharma,1
S.A. Kader,1
Bimal Rawal,1
Gul Bahar Singh,1
Bhavik Thakore,1
Rajan Kothari,1
Neil Biswas,1
Mayur Hardas,1
Kaushal Bharati,1
Vikram Nath Gupta,1
Kanjibhai Rathod,1
Shanti Kumar,1
Shankhadeep,1
Govind Ram,1
Pankaj Prakash,1
Biresh Chatterjee,1
Amit Bose,1
Roshan Taneja,1
Annu Kapoor,1
Ramanlal Desai,1
Rajesh Kumar Singh,1
Rakesh Nahata,1
Ejaz Gulab,1
Bhagwan Thakur,1
Deepak Tanwar,1
Sudipto Sen,1
Sriparna Dey,1
Varalakshmi G.,1
Amit Chandra Sahay,1
Mandakini Mathur,1
Glen Barreto,1
Fahim Irshad,1
O.P. Dutta,1
Rupali Guha,1
Chella,1
Manish Manikpuri,1
N.K. Vishwanathan,1
Mangal Chakravarty,1
Mohnish Bahl,1
Anil Mehta,1
Surendra Shailaj,1
Kasam Ali,1
Pratap Barot,1
Mahesh Nair,1
Najam Naqvi,1
Tanvir Ahmad,1
Sanjay,1
Irene Zoe Alameda,1
Nanubhoy Vakil,1
Uttar Kumar,1
Abrar,1
Sev Anand,1
Shashi Kapoor,1
Prasun Banerjee,1
Rishi Prakash Mishra,1
Sachin Kundalkar,1
Rajshree Ojha,1
B.B. Singh,1
Biswajeet Bora,1
Ajay Kanchan,1
Surindara Suri,1
Nikhil Pherwani,1
Arjun Sajnani,1
Kamal Majumdar,1
Sanjeev Puri,1
Anand P. Raju,1
Raju Chouhan,1
A.P. Subbaraav,1
Ajay Govind,1
Makarand Brahme,1
Manoj Palrecha,1
Sandeep Chatterjee,1
V.V. Vinayak,1
Vimal Reddy,1
Chitrayug,1
Adeep Singh,1
Mahesh Anand,1
Nagendra Majumdar,1
Ramkumar Bohra,1
Chitra Mitra,1
Raju Saigal,1
Bharat Jain,1
G. Venugopal,1
Suhaib Ilyasi,1
Nisha Chainani,1
Mainak Dhar,1
Sanjay Niranjan,1
Gunveen Kaur,1
Suryaprakash Lakkoju,1
Shivaji Lotan Patil,1
Yesudas,1
Divakar Ghodake,1
Arjun Mukerjee,1
Awtar Krishna Kaul,1
Mitali Ghoshal,1
Kishore Rege,1
Shivam Tiwari,1
Sunil Tiwari,1
Harish Sharma,1
Ravi Bhatia,1
Prashant Gore,1
Aziz Zee,1
Sridhar Reddy,1
Mohibul Haque,1
Vikram K. Kumar,1
Seshu Kmr,1
Rabi Kinagi,1
Madhu Ambat,1
Biju Bhaskar Nair,1
Allyson Patel,1
Sunil Kumar,1
Dutta Madhusree,1
Shravankumar Tiwari,1
Avinash Dhyani,1
Yogesh Ishwar,1
Indrajit Nattoji,1
A.T. Joy,1
Kannan Thamarakkulam,1
Ameer Sultan,1
Ashok Ahuja,1
Suman Ghosh,1
Doondi,1
Hasrat Lucknowi,1
Dheeraj Kumar,1
Azad Jain,1
Dipankar Senapati,1
Jehangir Surti,1
Ramkumar Shedge,1
Rishi Kapoor,1
Sarita Khurana,1
Tarique Khan,1
Cristina Hanes,1
Praveen Damle,1
Dhruv Sachdev,1
Sekhar Suri,1
Sruti Harihara Subramanian,1
Konkona Sen Sharma,1
Premraaj,1
Padmakumar Narasimhamurthy,1
Sanjay Bhatia,1
Vishwesh Krishnamoorthy,1
Amrit Raj Thakur,1
Joe Eshwar,1
Balwant Bhatt,1
Akhil Gautam,1
Ravindra Arora,1
Shailesh Verma,1
Nemom Pushparaj,1
Ranjan Chandel,1
Ajita Suchitra Veera,1
Prabhakar Pendhkar,1
Pankaj Sharma,1
Vishwa Bhanu,1
John Cawas,1
Laxmikant Shetgaonkar,1
Qamar Narvi,1
Keyan,1
Ashwin Shetty,1
Krishna Bhatt,1
Goutam Pawar,1
Parmeet Sethi,1
Master Vinayak,1
Roshan Abbas,1
Jugal Debata,1
Vicky S. Kumar,1
Salim Raza,1
Sadhu Meher,1
Agradoot,1
Gauravv K. Chawla,1
Shuja Ali,1
Jagdish Pandey,1
Narendra Grewal,1
Nitya Mehra,1
Vasant R. Patel,1
Vishwas Paandya,1
Vishal Mourya,1
Kaushalraj Batra,1
O.P. Goyle,1
Ugyen Chhopel,1
Karan Anshuman,1
Ravi Jadhav,1
Rasool Ellore,1
Dinesh Rawal,1
Saumyy Shivhare,1
Praful D.S. Tiwari,1
Jaswant Gangani,1
Majid Majidi,1
Adam Dow,1
Zanane Rajsingh,1
Sushrut Jain,1
Gulshan Kumar,1
B.P. Harisinghaney,1
Yunus Sajawal,1
Adarsh Jain,1
S. Khalil,1
Pankaj Purohit,1
Ram Lakhan,1
Rajeev Chaudhari,1
Rajkumar Bhan,1
Ajay Pannalal,1
Anil Suri,1
Probir Roy,1
Akash Goila,1
Agasthya Manju,1
Vijay Kaul,1
Brijesh Batuknath Tripathi,1
Shadaab Mirza,1
G. Rakesh,1
Hari Viswanath,1
Prakash Verma,1
N.R. Acharya,1
Sriramulu Naidu S.M.,1
Shivakumar,1
Ami Asthana,1
Sandeep Kumar,1
T. Rajeevnath,1
Sushil Rajpal,1
Jaswinder Chahal,1
Jagannath Chatterjee,1
Mukesh Sharma,1
K. Thankappan,1
Geethapriya,1
Parasuram,1
Harryy W. Fernaandes,1
T. Hariharan,1
Kishore Khanna,1
Ramesh Rout,1
Ajit Asthana,1
Major Sundarrajan,1
Divya Bharti,1
Khushboo Ranka,1
Muppalaneni Siva,1
Narayan Chauhan,1
C.H. Balaji Singh Babu,1
Jiten,1
Yashpal Sharma,1
Dewashish Ghosh,1
Piyush Dinker Pandya,1
Apurv Bajpai,1
Prasenjit Chatterjee,1
Prabhu,1
N.M. Kelkar,1
Shatrujit Paul,1
V. Subba Rao,1
Kaushik Roy,1
Nicholas Kharkongor,1
Pradeep Hooda,1
Rajat Kumar Chaturvedi,1
Mohit Goswami,1
Ajay Singh,1
Aamir Bashir,1
Bhagwan Das Varma,1
S. Soni,1
Krishnan Pv,1
A.M.R. Ramesh,1
Shiv Hare,1
Vipin k Sethie,1
Mukhtar Ahmed,1
Surender Reddy,1
Abdul Sattar,1
Rajpal Yadav,1
Priyanka Singh,1
Bhanuchander,1
Shyam Ranjankar,1
Gaurav Jain,1
Rahul Mallick,1
S.P. Muneshwar,1
Kewal Singh,1
B. Trilochan,1
Jan Schmidt-Garre,1
Jagdish Banerjee,1
Pinaki Chaudhuri,1
Honey Irani,1
Arnab Chaudhuri,1
Ivan Oneka,1
Kailash Bhandari,1
Muktha V. Srinivasan,1
Varun Middha,1
Sudhanshu Saria,1
Varadraj Swami,1
Mahesh Vaijnath Doijode,1
Darshan Sabharwal,1
Anil Kapoor,1
Vijay Kumar,1
Prabhakar Shukla,1
Dhirendra Bohra,1
Laxman Singh,1
Kathir,1
Hk Verma,1
N. Ragavan,1
Sanjay D. Singh,1
Sandeep Reddy Vanga,1
Roop Dutta Naik,1
Bolu Khosla,1
Dhiraj Kumar,1
Manish Khandewal,1
Mangal Anand,1
Ishaan Nair,1
P. Chandrasekhar,1
M.N. Yasin,1
Chi Gurudutt,1
Deepti Bhatnagar,1
Saabir,1
Terrie Samundra,1
Akshat Verma,1
Neelima Azim,1
Anil Chaudhary,1
Ram Ramesh Sharma,1
Sudhanshu Hakku,1
Prabu Solomon,1
Biswajit Chatterjee,1
Mohit Hussein,1
Anil Kumar Sharma,1
Akash Mehra,1
Sabir,1
Ajay Karthik,1
Sanjay F. Gupta,1
Batul Mukhtiar,1
Akshay Dinesh Vaishnav,1
Ashish Aryan,1
P. Lakshman,1
Sushma Shiromani,1
Khalid Sami,1
Om Prakash,1
Krishna Kumar,1
Shiva Rindani,1
V. Gowthaman,1
Amit Suryavanshi,1
Reena Mohan,1
Balvinder Sandhu,1
Bhabendra Nath Saikia,1
Pavithran,1
Loksen Lalvani,1
H.M. Reddy,1
Sudhanshu Sharma,1
Fareeda Mehta,1
Michael Chinappa,1
G.B. Vijay,1
Iqbal,1
Mehmood Khan,1
Dhruv Lather,1
S.K. Prabhakar,1
Hyder Kazmi,1
Rajni Basumatary,1
Kislay,1
Ashok Punjabi,1
Ramya Krishnan,1
Gaurav Mehra,1
Balraj Tah,1
Pushpdeep Bhardwaj,1
Ahmed Siddiqui,1
Navjot Gulati,1
Prabha Thakur,1
Shatilal Soni,1
Milann Ajmera,1
Sabyasachi Mohapatra,1
Bikramjeet Bhullar,1
Jaswant Jhaveri,1
Murari Sinha,1
Desh Deepak,1
Janmendra Ahuja,1
B. Vittalacharya,1
Chuck Russell,1
P. Bhaskaran,1
Banty Dubey,1
Prashant Singh,1
Shankar Vikram,1
Jainendra Jain,1
Prakash Kapoor,1
Akshay Anand,1
Ankush,1
S.K. Luthra,1
Andaleeb Sultanpuri,1
Shahrukh Mirza,1
Kamal Saigal,1
Shahid Kapoor,1
Manohar Nath Rangroo,1
Adam Avil,1
Sundeep Malani,1
Murtaza Changezi,1
Shekhar Ujjaninwal,1
Suhrud Godbole,1
Dheeraj Pandit,1
Shefali Bhushan,1
Prakash Kovelamudi,1
Arvind Sinha,1
Raj Pendurkar,1
Bunty Bedi,1
Madan,1
Ahishor Solomon,1
Prem,1
Praveenkanth,1
Pawan Gill,1
Praveen Kumar,1
Tipu Khan,1
Radhu Karmakar,1
Howard Rosemeyer,1
Shakti,1
Rajesh Mittal,1
Anirudh Baboo,1
Rajbans Khanna,1
Sunil Bohra,1
Prabhas,1
Rajashekhar,1
Keshhav Panneriy,1
Yoganand,1
Vinnil Markan,1
K.R. Rangan,1
Manish Sharma,1
Ismat Chughtai,1
Deb Mukherjee,1
Rajesh Pandey,1
D. Sumana Kittur,1
Arun Govil,1
Vicky G.,1
Akhtar-Ul-Iman,1
K Sukumar,1
Ajay Naik,1
Silk Smitha,1
R.N. Vaidya,1
Som Haksar,1
Udyakanth,1
Dinesh Shailendra,1
Ashok Chattopadhyay,1
Shrikant Sharma,1
Sonika Gill,1
Abhiroop Basu,1
Hannif Chippa,1
Murali Nair,1
Vikram Veturi,1
Mazahir Rahim,1
Umesh Ghadge,1
Y.P. Singh,1
Lovely Singh,1
Vijay Raaz,1
Sunil Patel,1
Remy Kohli,1
Aman Sachdeva,1
Amar Butala,1
Suresh Bafna,1
Viral H. Patel,1
Anurag Kawatra,1
Shukla Barnali Ray,1
Karan Gour,1
Sajid Ali,1
Sunil Sikand,1
Batra Mohinder,1
Sushil Majumdar,1
Maninder Chana,1
Prakash Satam,1
Meneka Das,1
Garth Davis,1
Aamir Khan,1
Ang Lee,1
Pawan k Shrivastava,1
Rakesh Mehta,1
Manoj Amarnani,1
Anup Das,1
Hanu Raghavapudi,1
Siddharth Anand Kumar,1
Aarif Sheikh,1
Jayaprakash Radhakrishnan,1
Arif Ali,1
Sumnash Sri Kaljai,1
Manish Mitra,1
Raja Chanda,1
Vijay Kondke,1
Lawrence Raghavendra,1
Dhavala Satyam,1
Manav Bhalla,1
Jagdish Kadar,1
Dhundiraj Govind Phalke,1
Goran Paskaljevic,1
Sharad Chaudhary,1
Shankar Nag,1
Devendra Bhagat,1
Gaganvihari Borate,1
Santram Varma,1
Shailendra Shukla,1
Radhakrishan,1
Sumeet Chawla,1
Shankaraiya,1
Arka Ganguly,1
Rajeev Nagpal,1
Aatish Kapadia,1
Satish Duggal,1
Yusuf Khan,1
S.M. Nawab,1
Rohit Dwivedi,1
H.N. Singh,1
Hemant Hegde,1
Shilpi Dasgupta,1
Kompin Kemgumnird,1
Karan Darra,1
Deekshit Kaul,1
Harsh Chhaya,1
S. Deepak,1
Abhishek Jain,1
Ashok Yadav,1
R.k. Sharma,1
Neelu Arora,1
Kamal Raj Bhasin,1
Niranjan,1
Deepti Kakkar,1
Anil Hingorani,1
Bimal Dutta,1
Vinod Kamble,1
Sarath Babu,1
Hussein Khan,1
Panna Hossain,1
Vijay Lalwani,1
Hari Prasad Reddy,1
K.C. Handra,1
Beena Banerjee,1
Sami Khan,1
Tilak Shetty,1
Shyamal K. Mishra,1
Jaideep Sen,1
Raghuram,1
Binu Bhaskar,1
Mohit Priyadarshi,1
Amin Hajee,1
Partho Mitra,1
Manju Borah,1
Anita Udeep,1
Annant Jaaitpaal,1
Amrit Nahata,1
Mahendra Sandhu,1
Sameer Patil,1
Yogendra Singh,1
Megan Doneman,1
Cédric Dupire,1
Fazil,1
Deepak Naidu,1
Deepak Nair,1
Indra Narayan Datta,1
Sooraj M.K.,1
Sajid Nadiadwala,1
Deepak Baldev,1
Zaid Ali Khan,1
Azhar Hussain,1
Arun Dutt,1
Helen,1
Aakkoo,1
Shailendra Pandey,1
Taimur Brhramshah,1
Vishal Inamdar,1
Sathyan Anthikad,1
Kumar Jay,1
Sadhana,1
Ramkishan Choyal,1
Aku Akbar,1
Neville Shah,1
Rajesh Hans,1
V.V. Ramana,1
Gautam Singh,1
Rajasekhar,1
Priya Krishnaswamy,1
Madhukar Bavdekar,1
Vijay Kumar Mishra,1
Mazhar Khan,1
David MacDougall,1
Nilay Dave,1
Giresh Naik,1
Richard Attenborough,1
P.S. Prakash,1
Sachin Agarwal,1
Sunil Singh,1
Suresh,1
Bande Prasad,1
Nagesh Bhonsle,1
Sameer Hanchate,1
Rahul Dahiya,1
Sanjay Zaveri,1
Avinash Walzade,1
Sunil Subramani,1
Kunal Vijaykar,1
Prateek Chakravorty,1
Subhash Sonik,1
Neshu Saluja,1
Sripathi Panditharadhyula Rajaram,1
Akash Shukla,1
Akshat Gupt,1
P. Venu,1
Suryakant Tyagi,1
Arvind Pandey,1
Dr. Rajiv,1
Anup Samaddar,1
Mukesh Duggal,1
Shilpa Ranade,1
Jalal Agha,1
Vivek Chaudhary,1
P. Satya,1
Raj Mehta,1
Qasim Khallow,1
Kamal Sharma,1
Arundhati Devi,1
Balwant Dave,1
Dilip Chitre,1
Trilok Jetley,1
Bharat Dabholkar,1
Venkatesh Bk,1
Rakesh Bedi,1
Sonam Nair,1
Puneet Khanna,1
T.S. Ranga,1
Ram P. Sethi,1
Puja Bedi,1
Chinni Prakash,1
Pushpendra Nath Misra,1
Munni Pankaj,1
Rajesh Butalia,1
Aarti Shrivastava,1
Madhu M.,1
Tajdar Amrohi,1
G. Suman Reddy,1
Saheem Khan,1
Ravindra Gautam,1
Pavan Kumar,1
Afzal Ahmed,1
Kannan Iyer,1
Yogesh Pagare,1
Mohinder Pratap Singh,1
Chander Saigal,1
Ashish Bhatia,1
Pratyush Sharma,1
Gulbahar Singh,1
Rajnath,1
Bobby Khan,1
B.S. Narayan,1
Kanishk Varma,1
Shelly Chopra Dhar,1
Ravi Khanna,1
Yogi Kathuria,1
Girish Kasaravalli,1
M.I. Raj,1
Bhaskar Shetty,1
K.P. Sasi,1
Sunil Advani,1
Kamal Batra,1
Mayur Katariya,1
D.N. Pai,1
Jeong-beom Lee,1
Prateek Vats,1
Srinivasa Rao Jonnalagadda,1
K. Ramanlal,1
Jiju Antony,1
Saurabh Kabra,1
Shailendra Singh Rajput,1
Joshua Z Weinstein,1
Francesca Archibugi,1
Raja Krishna,1
Suraj Joshi,1
Sunil Sanjan,1
Shiva,1
Chandrasekhar Reddy,1
Sabal Singh Shekhawat,1
Sajit Warrier,1
Ajitpal Singh,1
Dylan Mohan Gray,1
Rajiv Dhingra,1
Rakesh Sharma,1
Debarati Gupta,1
Rajesh Mapuskar,1
Rajan Kumar Patel,1
Aaryaan Saxena,1
Murali Nagavally,1
John Hunt,1
Amit Agarwal,1
Zaigham Ali Syed,1
Ekant Babani,1
Himanshu Yadav,1
Narayan k Sahu,1
Sekhar Surya,1
Sunanda Shyamal Mitra,1
Elan Dassani,1
Jeevitha,1
V.C. Ramani,1
Manik Prem,1
Sharan Sharma,1
Shekkhar Suri,1
Lakshmikanth Chenna,1
J. Nutan Punkaj,1
Sanjib Dey,1
Sunanda Mitra,1
Anil Srikantam,1
Kamal K.M.,1
Kapil Sharma,1
Vivek b Agrawal,1
Vara Prasad,1
Jayveer Panghaal,1
Amit Kasaria,1
Suraj Tiwari,1
Govind Mishra,1
I.A. Siddique,1
Mama,1
T.S. Mohan,1
Shantanu Anant Tambe,1
Harshavardhan Kulkarni,1
Masood Ali,1
A.N. Bannerjee,1
Bunty Soorma,1
Pramod Mandloi,1
Lalit Mohan,1
Prem Sagar,1
Mashhoor Amrohi,1
Maruti,1
Mohan Singh Rathor,1
Manish Goel,1
Ravi Sharma Shankar,1
Shafi Inamdar,1
B.S. Glaad,1
Sushil Malik,1
Desh Mukherjee,1
Madan Sinha,1
Ranjan Palit,1
V. Joshi,1
Ruchika Oberoi,1
Prerna Wadhawan,1
Jojo D'Souza,1
Shakir Khan,1
Ramkumar Pawadia,1
G. Krishna,1
Sameer Sippy,1
Anish Khanna,1
Dharam,1
Rahul Kumar Shukla,1
Aparnaa Singh,1
Kailash Advani,1
Mithu Singh,1
Mohan Singh Kavia,1
Aslam Azmi,1
Nandamuri Balakrishna,1
Vishwamitter Adil,1
D. Rama Naidu,1
Latif Khan,1
Venky Baboo,1
Nalin Singh,1
Abir Sengupta,1
Suhasini,1
Leslee Udwin,1
Bidisha Adhikari,1
Stalin Kurup,1
Dipesh Jain,1
Ujjwal V. Thengdi,1
Milind Swamy,1
Abhishek Dixit,1
Manivannan,1
Vibhu Puri,1
Partho Sen-Gupta,1
Gautam Bhatia,1
Vinil Mathew,1
Alessandra Zeka,1
Rajesh Bajaj,1
Ganapathy Bharat,1
Shyam Madiraju,1
Harish Bhosle,1
Jaiveer,1
Raka,1
Ezhil Vendan,1
V.G. Samant,1
Santosh Kashyap,1
Manav Kaul,1
Shobhna Samarth,1
Sajeev Balath,1
Sriram Raja,1
Randeep Jha,1
Vicky Bhardwaj,1
Salar Shaikh,1
Monjoy Joy Mukerji,1
Dayal Padmanabhan,1
Arun Khopkar,1
Akhilesh Verma,1
Raj Kumar Bedi,1
Vinod Mehra,1
Sakthi Chidambaram,1
Swapan Saha,1
Shanker Raman,1
Ovais Khan,1
Catherine McGilvray,1
Farhad Samji,1
Shekhar Suman,1
Kritika Sachdeva,1
M.K. Burman,1
Samit Basu,1
Shubhashish Bhutiani,1
Anthony Maras,1
Sammir i Patel,1
Firoz Irani,1
Mahesh Kapoor,1
Ayush Raina,1
Suraj Bharti,1
Rakesh Sarang,1
Sudip Bandyopadhyay,1
Tanvi Gandhi,1
Fauzia Arshi,1
Basit Khan,1
Deepika Kothari,1
Jennifer Lynch,1
Kunal Kumar,1
Pasanta Bal,1
Sunil Sharma,1
Kunal Shivdasani,1
Mystelle Brabbee,1
Shadaab Khan,1
Naeem Siddiqui,1
Shriram,1
Raja Unnithan,1
Pankaj Saraswat,1
S.K. Kapur,1
Hameed Butt,1
Mozez Singh,1
