director,rating
A. Bhimsingh,6.776470588235294
A. Jagannathan,5.833333333333333
A. Kodandarami Reddy,5.75
A. Majid,5.7
A. Muthu,3.0
A. Salaam,5.314285714285715
A. Shamsheer,6.0
A. Veerappan,6.0
A. Venkatesh,4.7
A.C. Trilogchander,5.9799999999999995
A.K. Bir,8.2
A.L. Vijay,5.5
A.M.R. Ramesh,6.9
A.N. Bannerjee,7.9
A.P. Nagarajan,7.3
A.P. Subbaraav,6.6
A.R. Murugadoss,6.625
A.R. Zamindar,6.4
A.T. Joy,3.1
A.T. Raghu,5.1
Aadish Keluskar,6.0
Aakkoo,5.8
Aamir Bashir,6.4
Aamir Khan,8.4
Aamreeta Gautam,5.9
Aanand L. Rai,6.033333333333334
Aanand Raut,7.1
Aarif Sheikh,5.7
Aarthi Agarwal,7.0
Aarti S. Bagdi,7.2
Aarti Shrivastava,9.0
Aarun Nagar,7.0
Aaryaan Saxena,5.4
Aashish Chanana,6.2
Aashish Sinha,6.6
Aatish Kapadia,7.2
Aban Bharucha Deohans,6.6
Abbas,8.7
Abbas Alibhai Burmawalla,5.777777777777778
Abbas Tyrewala,6.8
Abdul Qayyoom Khan,6.1499999999999995
Abdul Rashid Kardar,6.40625
Abdul Sattar,8.8
Abhay Chhabra,6.6
Abhay Chopra,5.25
Abhay Kumar,7.7
Abhigyan Jha,5.8
Abhijeet Kumar,6.1
Abhijit Kokate,4.7
Abhijit Panse,5.2
Abhik Bhanu,4.9
Abhimanyu Chauhan,7.7
Abhinav Kashyap,4.9
Abhinav Shiv Tiwari,6.2
Abhinav Thakur,5.85
Abhinay Deo,6.42
Abhiraj Minawala,3.0
Abhiram,3.3
Abhiroop Basu,6.6
Abhishek Bindal,2.9
Abhishek Chaubey,7.575
Abhishek Chhadha,4.65
Abhishek Dixit,5.7
Abhishek Dogra,4.85
Abhishek Jain,8.1
Abhishek Jawkar,4.3
Abhishek Kapoor,6.44
Abhishek Pathak,6.9
Abhishek Saxena,5.0
Abhishek Sharma,5.683333333333334
Abhishek Utkarsh Deokar,5.9
Abhishek Varman,5.25
Abir Sengupta,3.0
Abrar,5.5
Abrar Alvi,8.3
Adam Avil,2.7
Adam Dow,6.1
Adarsh Eshwarappa,7.9
Adarsh Jain,5.3
Adeeb Rais,5.2
Adeep Singh,5.3
Adi Irani,4.3
Aditi Roy,7.1
Aditya Bhattacharya,7.25
Aditya Chopra,6.575
Aditya Datt,4.7
Aditya Dhar,8.2
Aditya Kripalani,7.766666666666667
Aditya Kumar,4.2
Aditya Om,6.6000000000000005
Aditya Sarpotdar,6.800000000000001
Aditya Warang,7.4
Adurthi Subba Rao,6.2299999999999995
Advait Chandan,7.8
Afzal Ahmad,5.3
Afzal Ahmed,4.8
Afzal Khan,4.4
Agasthya Manju,8.5
Agneya Singh,5.6
Agradoot,7.4
Agrawal Mukesh Narayan,4.0
Ahathian,5.15
Ahishor Solomon,5.6
Ahmed Khan,3.675
Ahmed Siddiqui,6.6
Aijaz Khan,6.3999999999999995
Aishwarya,4.3
Ajai Sinha,4.233333333333333
Ajay Bahl,7.25
Ajay Bhuyan,5.4
Ajay Chandhok,3.5833333333333335
Ajay Devaloka,5.1
Ajay Devgn,6.050000000000001
Ajay Goel,5.5
Ajay Govind,6.3
Ajay K Saklani,8.2
Ajay Kanchan,3.9
Ajay Karthik,7.1
Ajay Kashyap,4.506666666666666
Ajay Koli,8.0
Ajay Kumar,6.0
Ajay Lohan,2.9
Ajay Mehra,4.5
Ajay Naik,6.5
Ajay Ojha,5.5
Ajay Pannalal,5.6
Ajay Phansekar,5.75
Ajay Singh,6.2
Ajay Yadav,3.65
Ajeet Kumar,7.0
Ajit Asthana,4.0
Ajit Chakraborty,6.1
Ajit Dewani,4.7
Ajit P. Bhairavkar,4.8
Ajit Pal Mangat,3.8
Ajit Singh Deol,6.1
Ajit Sinha,5.4
Ajit Varma,6.5
Ajita Suchitra Veera,8.1
Ajitpal Singh,6.8
Ajoy Biswas,6.35
Ajoy Varma,7.050000000000001
Akarsh Khurana,6.5
Akash Goila,5.8
Akash Jain,4.85
Akash Mehra,4.9
Akash Pandey,5.5
Akash Shukla,7.8
Akashdeep,3.95
Akbar Khan,5.0
Akhil Gautam,7.9
Akhilesh Jaiswal,5.833333333333333
Akhilesh Verma,6.7
Akhtar Hussein,6.800000000000001
Akhtar Mirza,6.7
Akhtar-Ul-Iman,4.3
Akiv Ali,6.6
Akram Shaikh,3.1
Akshat Gupt,9.1
Akshat Verma,6.3
Akshay Akkineni,6.2
Akshay Anand,4.8
Akshay Dinesh Vaishnav,6.9
Akshay Indikar,5.8
Akshay Roy,6.0
Akshay Shere,6.0
Akshay Singh,8.4
Aku Akbar,3.5
Alankrita Shrivastava,5.766666666666667
Alessandra Zeka,6.4
Alexander,5.2
Aleya Sen,3.7
Ali Abbas Zafar,5.2
Allari Naresh,4.7
Allyson Patel,5.6
Alo Sarkar,5.6
Alok Shrivastav,4.6
Aloknath Dixit,5.8
Amaan Khan,5.3
Aman Sachdeva,5.3
Aman Sagar,5.4
Amar Butala,3.7
Amar Kaushik,7.449999999999999
Amar Kumar,6.914285714285714
Amar Mullick,6.75
Amarjeet,6.966666666666666
Ambarish,4.3
Ambrish Sangal,5.411111111111111
Ameer Sultan,5.4
Ami Asthana,5.8
Amin Hajee,3.5
Amira Bhargava,6.6
Amit Agarwal,4.6
Amit Bose,6.8
Amit Chandra Sahay,3.1
Amit Dutta,6.68
Amit Kasaria,6.0
Amit Khanna,5.6
Amit Kumar,6.05
Amit Masurkar,7.4
Amit Mitra,8.2
Amit Rai,7.4
Amit Ravindernath Sharma,6.0
Amit Roy,6.6
Amit Saxena,4.2
Amit Singh,4.3
Amit Suryavanshi,5.1
Amit Vats,5.5
Amit Virmani,8.2
Amitabha Singh,6.4
Amitoj Mann,4.75
Amiya Chakrabarty,6.788888888888889
Amjad Khan,4.9
Amlan Datta,8.2
Amol Palekar,6.333333333333333
Amol Shetge,4.2
Amole Gupte,6.466666666666666
Amrit Nahata,7.1
Amrit Raj Thakur,5.3
Amrit Sagar,6.199999999999999
Amy Thanawala,4.5
Anadinath Bannerjee,8.7
Anamika Haksar,6.1
Anand,4.8
Anand Balraj,3.9
Anand Dutta,6.1
Anand Gaekwad,4.2
Anand Gandhi,8.1
Anand Kumar,6.6
Anand P. Raju,7.8
Anand Patwardhan,8.2875
Anand Prasad Kapoor,3.8
Anand Sagar,5.216666666666667
Anand Surapur,5.1
Anand Tiwari,7.2
Anant Balani,4.75
Anant Mane,6.3
Anant Thakur,7.35
Anant Tripathi,5.1
Ananth Narayan Mahadevan,5.275
Ananya Kasarvalli,5.9
Andaleeb Sultanpuri,4.8
Andreas Koefoed,6.8
Andrzej Bartkowiak,3.7
Anees Bazmee,5.323076923076924
Ang Lee,7.9
Anil,3.9333333333333336
Anil Bajpai,5.5
Anil Ballani,3.1
Anil Chaudhary,3.9
Anil Chorasiya,6.1
Anil Devgan,4.2
Anil Dhanda,3.6
Anil Dhoble,5.7
Anil Ganguly,5.776470588235294
Anil Hingorani,6.4
Anil Kapoor,5.4
Anil Kumar,6.4
Anil Kumar Sharma,3.3
Anil Mattoo,5.1
Anil Mehta,6.2
Anil Naryani,6.75
Anil Pandit,3.4
Anil Senior,5.7
Anil Sharma,5.526666666666667
Anil Srikantam,5.4
Anil Suri,5.4
Anil Wasia,6.0
Aniruddha Roy Chowdhury,7.4
Anirudh Baboo,6.1
Anirudh Chawla,3.5
Anish Khanna,2.6
Anita Guha,3.2
Anita Udeep,5.5
Anjan Dutt,6.666666666666667
Anjanikumar Tripathi,7.6
Ankush,2.7
Ankush Bhatt,5.966666666666666
Annant Jaaitpaal,4.6
Annu Kapoor,7.0
Anshai Lal,6.1
Anshul Adhikari,6.2
Anshul Sharma,7.1
Anshul Sinha,8.3
Antara Mali,3.6
Antariksh Jain,8.0
Anthony D'Souza,4.833333333333333
Anthony Maras,7.6
Anu Menon,6.333333333333333
Anubhav Sinha,5.67
Anup Das,4.4
Anup Kurian,6.25
Anup Malik,5.800000000000001
Anup Samaddar,6.1
Anup Singh,5.9
Anupam Kher,5.5
Anupam Sinha,5.1
Anurag Basu,6.2700000000000005
Anurag Jha,5.550000000000001
Anurag Kashyap,7.385714285714286
Anurag Kawatra,8.5
Anurag Singh,5.3999999999999995
Anusha Rizvi,7.4
Anvita Dutt,6.6
Anwar Jamal,6.9
Anwar Pasha,5.699999999999999
Anwer Khan,4.05
Aparna Sen,6.816666666666666
Aparnaa Singh,6.3
Apoorva Lakhia,4.4399999999999995
Apurba Kishore Bir,6.0
Apurv Bajpai,4.4
Apurva Asrani,3.3
Apurva Dhar Badgaiyann,7.0
Arati Kadav,5.7
Aravind Sen,6.24
Arbaaz Khan,4.8
Ardeshir Irani,6.2
Arif Ali,4.9
Arindam Chaudhuri,4.3
Arindam Mitra,6.8
Arindam Nandy,5.4
Arjun Bali,5.5
Arjun Hingorani,5.8999999999999995
Arjun Mukerjee,6.9
Arjun Sablok,4.1
Arjun Sajnani,4.6
Arjun Sarja,5.0
Arjun Singh,7.0
Arka Ganguly,6.8
Arnab Chaudhuri,6.8
Aron Govil,5.8
Aroop Adhikari,5.9
Arpa Khan,7.4
Arshad Khan,4.566666666666666
Arshad Siddiqui,6.95
Arun Bhatt,6.266666666666667
Arun Dutt,5.8
Arun Govil,6.0
Arun K. Pathak,6.1
Arun Kaul,7.0
Arun Khopkar,6.2
Arun Kumar Rapolu,6.5
Arun Nalawade,4.3
Aruna Raje,4.8
Arundhati Devi,6.4
Arup Dutta,5.95
Arvind Pandey,8.7
Arvind Pratap,9.4
Arvind Sinha,7.4
Aryan Neeraaj Anand,9.0
Aryeman Ramsay,3.6
Asad Shan,5.2
Ashfaq Makrani,4.0
Ashim Ahluwalia,6.4
Ashim Bhattacharya,3.8
Ashim S. Samanta,5.471428571428571
Ashima Chibber,6.4
Ashish Aryan,6.3
Ashish Avikunthak,7.5
Ashish Bhatia,4.5
Ashish Bhavsar,4.0
Ashish Deo,7.4
Ashish Dubey,9.4
Ashish Kumar,9.0
Ashish Lal,6.8
Ashish R. Mohan,4.3
Ashish R. Shukla,6.449999999999999
Ashok,3.6
Ashok Ahuja,6.4
Ashok Chattopadhyay,6.4
Ashok Chopra,6.2
Ashok G.,3.8
Ashok Gaekwad,4.838461538461538
Ashok Ghai,3.5
Ashok Gupta,4.8
Ashok Honda,4.266666666666667
Ashok Kaul,6.4
Ashok Kheny,3.4
Ashok Kohli,2.9
Ashok Kumar,4.4
Ashok Mehta,4.9
Ashok Nanda,4.966666666666666
Ashok Punjabi,4.1
Ashok Roy,5.85
Ashok Tyagi,5.3999999999999995
Ashok V. Bhushan,6.133333333333333
Ashok Yadav,5.7
Ashoke Pandit,6.2
Ashtar Sayed,5.45
Ashu Trikha,4.3
Ashutosh Gowariker,6.300000000000001
Ashvin Kumar,5.966666666666666
Ashwani Dhir,5.275
Ashwin Shetty,7.1
Ashwini Chaudhary,4.9799999999999995
Ashwiny Iyer Tiwari,7.533333333333334
Asif Kapadia,6.7
Asit Kumar Sen,7.45
Asit Sen,7.041666666666667
Aslam Azmi,2.6
Aspi Irani,6.1125
Asrani,5.54
Atanu Mukherjee,6.4
Atish Tripathi,7.7
Atlanta Nagendra,5.2
Atma Ram,5.833333333333333
Attaullah Khan,4.0
Atul Agnihotri,3.85
Atul Harishanker,2.9
Atul Sabharwal,6.366666666666667
Atul Sriva,5.7
Avani Rai,6.4
Avinash Abhimanyu,6.6
Avinash Das,5.550000000000001
Avinash Dhyani,5.3
Avinash Kumar Singh,8.1
Avinash Walzade,8.3
Avtar Bhogal,4.42
Awtar Krishna Kaul,6.9
Ayan Mukherjee,7.35
Ayush Raina,4.2
Ayush Upadhyay,7.9
Azad Jain,6.8
Azhar Hussain,4.6
Aziz Chhapra,2.5
Aziz Khan,6.6
Aziz Mirza,6.32
Aziz Naser,6.933333333333333
Aziz Sejawal,4.858333333333333
Aziz Zee,4.0
B. Gupta,4.5
B. Krishna Rao,3.8
B. Mitra,6.5
B. Padmanabham,6.7
B. Prasad,6.2
B. Ramakrishnaiah Panthulu,7.0
B. Trilochan,7.6
B. Vittalacharya,6.6
B.B. Bhalla,3.4
B.B. Singh,3.7
B.H. Tharun Kumar,4.675
B.J. Patel,5.8
B.K. Adarsh,5.375
B.K. Singh,7.0
B.P. Harisinghaney,4.6
B.R. Chopra,6.929411764705883
B.R. Ishara,5.976190476190476
B.S. Glaad,6.6
B.S. Narayan,8.6
B.S. Thapa,5.3
Baadal,2.3
Baba Azmi,6.7
Babbar Subhash,5.21875
Babloo Seshadri,6.7
Baboobhai Bhanji,3.8
Babu Mohan,7.5
Babu Yogeswaran,3.1
Babubhai Mistry,6.570833333333333
Baby,4.6
Balasekaran,5.35
Balbir Wadhawan,6.7
Balmukund Tripathi,8.3
Balraj Tah,7.0
Balu Mahendra,7.7
Balvinder Sandhu,5.2
Balwant Bhatt,7.2
Balwant Dave,7.0
Bande Prasad,5.6
Banty Dubey,8.1
Bappaditya Bandopadhyay,5.3999999999999995
Bappaditya Roy,7.2
Bapu,6.130769230769231
Basit Khan,2.8
Basu Bhattacharya,6.7125
Basu Chatterjee,6.644117647058824
Bat for Lashes,5.4
Batra Mohinder,6.2
Batul Mukhtiar,8.2
Bauddhayan Mukherji,6.9
Bedabrata Pain,7.3
Beena Banerjee,5.2
Behzad Khambata,6.2
Bejoy Nambiar,6.9799999999999995
Bela Negi,6.3
Bela Segal,4.2
Bhabendra Nath Saikia,7.2
Bhabhani Prasad,2.9
Bhagwan Das Varma,4.9
Bhagwan Thakur,5.1
Bhagwati Prasad Mishra,5.3
Bhagyaraj,6.0
Bhalji Pendharkar,6.933333333333334
Bhanu Pratap Singh,5.4
Bhanuchander,6.6
Bhanupriya,5.1
Bhappi Sonie,6.564285714285715
Bharat Dabholkar,5.6
Bharat Jain,4.2
Bharat Kapoor,3.6500000000000004
Bharat Rangachary,5.571428571428571
Bharathan,7.7
Bharathiraja,6.016666666666667
Bharti Niranjan,6.9
Bhaskar Shetty,6.6
Bhavik Thakore,6.4
Bhavin Wadia,6.4
Bhavna Talwar,7.7
Bhimsain,5.74
Bhisham Kohli,4.166666666666667
Bhooshan,6.5
Bhooshan Lal,3.8
Bhupen Hazarika,7.9
Bhupender Gupta,3.3
Bhupendra Bhattarai,7.1
Bhupeshwar Tyagi,4.7
Bhushan Patel,3.775
Bibhuti Mitra,6.266666666666667
Bidisha Adhikari,6.5
Biju Bhaskar Nair,4.0
Bijukumar Damodaran,6.5
Bikas Ranjan Mishra,6.5
Bikramjeet Bhullar,5.2
Bimal Dutta,5.6
Bimal Rawal,3.3
Bimal Roy,7.29375
Binayak Das,5.8
Binod Pradhan,3.8
Binu Bhaskar,6.9
Bipin Nadkarni,7.5
Biplab Roy Chowdhury,6.5
Birbal,4.5
Biren Nag,6.9
Biresh Chatterjee,7.1
Bishnu Dev Halder,5.050000000000001
Biswajeet Bora,6.6
Biswajit Chatterjee,5.2
Bobby Khan,3.7
Bobby Kumar,9.6
Bobby Raj,4.55
Bolu Khosla,6.5
Boopathy Pandian,3.8
Bornila Chatterjee,7.2
Boyapati Srinu,5.4
Brahmanand S. Singh,8.233333333333333
Brando Bakshi,6.0
Brij,6.483333333333333
Brijesh Batuknath Tripathi,2.8
Bruce Parry,7.4
Buddhadev Dasgupta,6.125
Bugs Bhargava Krishna,7.35
Bumpy,5.35
Bunty Bedi,4.2
Bunty Soorma,4.8
C. Jenner Jose,6.2
C.H. Balaji Singh Babu,5.6
C.L. Rawal,6.15
C.M. Jain,3.9
C.P. Dixit,5.357142857142857
C.V. Rajendran,6.6
C.V. Sasikumar,6.9
C.V. Sridhar,6.575
Catherine McGilvray,7.8
Chaitanya Tamhane,7.7
Chakri Toleti,2.55
Chand,5.584615384615384
Chandan Arora,6.7
Chander H. Bahl,5.866666666666667
Chander Mishra,4.1
Chander Saigal,4.4
Chander Sharma,3.2
Chander Vohra,5.633333333333333
Chandersen Singh,4.8
Chandni Gupta,4.333333333333333
Chandra,5.4
Chandra Barot,7.05
Chandra Prakash Dwivedi,7.066666666666667
Chandra Sekhar Yeleti,6.55
Chandrakant,6.411111111111111
Chandrakant Joshi,6.3
Chandrakant Kanse,6.2
Chandrakant Kulkarni,5.45
Chandrakant Singh,4.36
Chandrasekhar Reddy,7.0
Chandrashekhar,5.2
Chandulal Shah,6.75
Chapour Haghighat,5.4
Charudutt Acharya,5.3
Chawla,7.1
Chella,3.0
Cherag Ruparel,8.0
Chetan Anand,7.0
Chetan Desai,5.9
Chetan Sharma,7.6
Chhatrapal Ninawe,6.1
Chi Gurudutt,6.6
Chimanlal Luhar,6.9
Chinni Prakash,5.4
Chitra Mitra,7.6
Chitra Shenoy,4.2
Chitraarth,8.1
Chitrayug,6.2
Chittaranjan Tripathy,4.0
Chotu Bihari,5.1
Chuck Russell,5.6
Cristina Hanes,6.8
Csaba Bene Perlenberg,5.5
Cédric Dupire,6.2
D. Rajendra Babu,6.366666666666667
D. Rama Naidu,4.8
D. Sumana Kittur,7.4
D.D. Kashyap,6.566666666666666
D.N. Madhok,7.5
D.N. Pai,6.5
D.S. Azad,4.033333333333334
Dada Kondke,5.725
Dada Mirasi,5.8
Dakxin Bajrange,5.4
Daniel Kremer,6.4
Danis Tanovic,7.3
Danish Aslam,5.2
Danish Raza,5.4
Danny Denzongpa,6.6
Dar Gai,7.0
Dara Singh,6.466666666666666
Darshan Bagga,4.9
Darshan Sabharwal,5.6
Dasaradh,6.55
David Atkins,5.4
David Dhawan,5.193023255813954
David MacDougall,8.0
Dayal Nihalani,5.32
Dayal Padmanabhan,8.4
Dayanand,5.65
Deb Medhekar,7.6
Deb Mukherjee,6.2
Debaki Bose,6.2153846153846155
Debaloy Dey,3.15
Debarati Gupta,6.9
Debatma Mandal,5.4
Debu Sen,7.2
Dedipya Joshii,7.35
Deekshit Kaul,4.6
Deepa Mehta,6.840000000000001
Deepa Sahi,5.3
Deepak Anand,5.133333333333333
Deepak Bahry,4.747058823529412
Deepak Baldev,7.8
Deepak Balraj Vij,5.2
Deepak Mahajan,7.9
Deepak Naidu,7.6
Deepak Nair,7.8
Deepak Pawar,4.833333333333333
Deepak Ramsay,4.45
Deepak Ramteke,5.2
Deepak S. Shivdasani,4.43
Deepak Sareen,4.925
Deepak Tanwar,4.0
Deepak Tijori,4.3
Deepika Kothari,7.5
Deepika Narayan Bhardwaj,8.5
Deepshikha Nagpal,4.7
Deepthi Tadnaki,8.2
Deepti Bhatnagar,5.9
Deepti Gupta,7.1
Deepti Kakkar,7.8
Deepti Naval,6.4
Desh Deepak,6.1
Desh Gautam,5.2
Desh Mukherjee,5.7
Dev Anand,5.610526315789474
Dev Benegal,6.65
Deva Katta,5.9
Devang Dholakia,4.2
Devanshu Singh,7.8
Devashish Makhija,6.933333333333334
Deven Bhojani,5.3
Deven Verma,5.5
Devender Kumar Pandey,6.6
Devendra Bhagat,7.4
Devendra Goel,6.55
Devendra Mukherjee,6.6
Devesh Pratap Singh,4.8
Devi Sharma,6.15
Devika Bhagat,4.2
Dewashish Ghosh,5.5
Dhalapathi,5.0
Dharam,4.7
Dharam Kumar,6.2
Dharam Prakash,4.2
Dharan Mandrayar,6.8
Dharani,7.0
Dharmendra Suresh Desai,5.6
Dharmesh Darshan,4.757142857142857
Dharmesh Tiwari,6.8
Dhavala Satyam,6.6
Dheeraj Kumar,2.4
Dheeraj Pandit,3.7
Dheeraj Sharma,9.0
Dhiraj Kumar,5.4
Dhirendra Bohra,5.8
Dhirubhai Desai,5.425
Dhorairaj Bhagavan,8.05
Dhruv,3.9
Dhruv Lather,5.9
Dhruv Sachdev,8.0
Dhundiraj Govind Phalke,6.7
Dhwanil Mehta,6.2
Diane Cheklich,6.3
Dibakar Banerjee,7.383333333333333
Digvijay Singh,6.8
Dil Kumar,6.5
Dilip Bose,6.15
Dilip Chitre,7.1
Dilip Ghosh,6.2
Dilip Gulati,4.85
Dilip Kumar,7.7
Dilip Mehta,5.4
Dilip Naik,5.300000000000001
Dilip Shankar,4.425
Dilip Shukla,5.4
Dilip Sood,5.65
Dilshad Ahmad,5.4
Din Dayal Sharma,7.2
Dinesh D. Awasthi,3.4
Dinesh P. Bhonsle,4.5
Dinesh Parihar,7.5
Dinesh Rawal,6.8
Dinesh S. Yadav,8.6
Dinesh Shailendra,6.0
Dinesh Vijan,5.1
Dinesh-Ramanesh,6.1000000000000005
Dinkar Kapur,3.8
Dinkar Rao,7.5
Dipankar Senapati,2.7
Dipanshu Dang,6.7
Dipesh Jain,7.1
Dipu Karunakaran,4.7
Divakar Ghodake,4.3
Divya Bharti,6.2
Divya Khosla Kumar,2.95
Doondi,5.1
Dr. Jay,3.9
Dr. Rajiv,4.7
Dulal Guha,6.593333333333334
Durai,6.55
Durgesh Kumar,6.1
Dushyant Pratap Singh,6.8
Dutta Madhusree,6.2
Dwarka Khosla,6.133333333333333
Dylan Mohan Gray,7.7
E.V.V. Satyanarayana,6.133333333333333
Eeshwar Nivas,5.3999999999999995
Ejaz Ahmed,4.7
Ejaz Gulab,5.8
Ekant Babani,4.9
Ektara Collective,8.1
Elan Dassani,4.7
Ellis Dungan,7.7
Esmayeel Shroff,5.653333333333333
Esshan Katara,6.8
Ezhil Vendan,6.9
Fahim Irshad,6.6
Faisal Kapdi,2.7
Faisal Khan,3.5
Faisal Saif,5.5
Faisal Simon,6.1
Faiza Ahmad Khan,8.0
Fali Mistry,6.7
Farah Khan,5.325
Faraz Haider,5.65
Faredoon A. Irani,6.3
Fareeda Mehta,6.2
Farhad Samji,3.5
Farhan Akhtar,7.575
Farogh Siddique,5.116666666666666
Faruk Kabir,6.366666666666667
Faruq Masudi,5.9
Fauzia Arshi,3.8
Fazil,6.3
Fenil Seta,6.1
Feroz Abbas Khan,6.699999999999999
Feroz Chinoy,5.825
Feroz Khan,5.4
Firoz Irani,5.0
Francesca Archibugi,6.3
Frank Gladstone,4.1
Franz Osten,6.214285714285714
Fuwad Khan,6.3
G. Krishna,3.1
G. Rakesh,6.0
G. Suman Reddy,8.0
G. Venugopal,4.6
G.B. Vijay,6.3
G.N. Rangarajan,6.4
G.P. Sippy,6.05
G.S. Murthy,8.4
G.S. Vijayan,5.3
G.T.B. Harvey,4.6
G.V. Iyer,6.949999999999999
Gagan Puri,4.85
Gaganvihari Borate,6.7
Gajanan Jagirdar,6.766666666666667
Gajendra Ahire,6.720000000000001
Gajendra Chauhan,3.8
Gajendra Shanker Shrotriya,5.75
Ganapathy Bharat,6.2
Ganesh Acharya,5.266666666666667
Ganesh Mehta,7.9
Ganpati Bohra,4.2
Garth Davis,8.0
Gaurav Bakshi,7.0
Gaurav Jain,6.6
Gaurav Jani,8.3
Gaurav Mehra,7.5
Gaurav Pandey,2.6
Gaurav Panjwani,7.5
Gauravv K. Chawla,6.6
Gauri Shinde,7.65
Gautam Adhikari,5.3
Gautam Bhatia,3.0
Gautam Joshi,9.3
Gautam Siddhartha,3.3
Gautam Singh,5.3
Gautam Verma,4.25
Gautham Vasudev Menon,6.75
Gaël Métroz,6.8
Geethapriya,7.0
Geethu Mohandas,7.15
Geetika Narang Abbasi,5.9
Gemini Ganesan,4.4
Ghorban Mohammadpour,3.2
Giresh Naik,4.6
Girish Dhamija,5.05
Girish Girija Joshi,6.1
Girish Juneja,2.5
Girish Karnad,7.2
Girish Kasaravalli,7.2
Girish Malik,6.75
Girish Manukant,3.6
Girish Trivedi,7.7
Gitanjali Rao,6.0
Gitanjali Sinha,6.8
Glen Barreto,5.1
Glória Halász,7.7
Gogi Anand,5.966666666666666
Goldie Behl,2.85
Gopal B.,5.65
Gopal Malhotra,4.9
Gopi Desai,6.3
Gopi Puthran,7.4
Gopi Sapru,4.4
Goran Paskaljevic,7.3
Gorky,5.1
Goswami Anurag,5.0
Goutam Ghose,7.1375
Goutam Pawar,2.5
Govind Kulkarni,6.4
Govind Menon,4.025
Govind Mishra,7.2
Govind Moonis,6.033333333333334
Govind Nihalani,7.1461538461538465
Govind Ram,3.1
Govind Sakariya,3.7
Govind Saraiya,6.333333333333333
Guddu Dhanoa,4.792307692307692
Gul Bahar Singh,7.4
Gulbahar Singh,6.1
Gulshan Kumar,5.1
Gulzar,7.521052631578947
Gunasekhar,3.7
Gunjal,7.466666666666666
Gunveen Kaur,5.7
Gurbir Singh Grewal,6.4
Gurdip Singh,5.9
Gurinder Chadha,6.45
Gurmeet Ram Rahim Singh,6.133333333333333
Gurmmeet Singh,4.833333333333333
Gurpreet Sondh,4.9
Guru Dutt,7.4875
Gurudev Bhalla,4.6
Gurvinder Singh,7.1
Gyan Correa,6.1
Gyan Mukherjee,7.0200000000000005
Gyan Sahay,6.4
H. Dinesh,6.199999999999999
H. Rajhans,5.4
H.K. Shivdasani,5.0
H.M. Mirza,5.525
H.M. Reddy,6.2
H.N. Singh,2.8
Habib Faisal,6.7
Hadi Abrar,3.65
Hadi ali Abar,3.3
Haidar Ali,6.7
Hameed Alam,4.5
Hameed Butt,4.8
Hamid Ali,4.6
Hamid Ali Khan,3.9000000000000004
Hannif Chippa,6.6
Hansal Mehta,5.6499999999999995
Hanu Raghavapudi,5.9
Harbans,6.6
Hardik Mehta,6.1
Hargobind Duggal,6.4
Hari Dutt,4.7
Hari Prasad Reddy,7.2
Hari Viswanath,3.7
Hari Walia,6.066666666666666
Harinam Singh,3.4333333333333336
Harish,4.9
Harish Bhosle,4.4
Harish Kumar,5.5
Harish Raut,6.2
Harish Shah,5.766666666666667
Harish Sharma,6.8
Harish Vyas,6.65
Harmage Singh Kalirai,5.6
Harmesh Malhotra,5.537931034482758
Harnam Singh Rawail,6.130769230769231
Harry Baweja,4.833333333333333
Harryy W. Fernaandes,3.9
Harsh Chhaya,5.6
Harsh Kohli,6.0
Harshavardhan Kulkarni,7.0
Harsukh Jagneshwar Bhatt,6.216666666666666
Hasnain Hyderabadwala,4.4399999999999995
Hasrat Lucknowi,5.0
Hassan Nazer,5.6
Heena Dsouza,6.6
Helen,5.6
Hema Malini,3.75
Hemant Birje,5.2
Hemant Gaba,6.6000000000000005
Hemant Hegde,5.1
Hemant Madhukar,3.6
Hemant N Mishra,6.8
Hemant Nilim Das,6.5
Hemant Prabhu,3.0
Hemanth Kumar,5.8
Hemchandra Chunder,6.9
Hemen Gupta,7.140000000000001
Hemendra Kumar Singh,8.6
Hemnt Praddeep,8.0
Hersh Kinnu,5.1
Hidayat Khan,4.9
Himanshu Bhatt,3.7
Himanshu Brahmbhatt,5.25
Himanshu Yadav,7.1
Hira Singh,7.0
Hiren Nag,6.1625
Hitesh Kewalya,5.8
Hk Verma,6.4
Homi Adajania,6.433333333333334
Homi Master,5.4
Homi Wadia,5.913333333333333
Honey Irani,5.2
Honey Trehan,7.3
Honeypreet Insan,6.199999999999999
Howard Rosemeyer,4.4
Hriday Shetty,5.433333333333333
Hridesh Kamble,6.0
Hrishikesh Mukherjee,7.102380952380953
Hunsur Krishnamurthy,7.6
Hussein Khan,6.7
Hyder Kazmi,6.0
Hyewon Jee,7.5
I.A. Siddique,5.7
I.S. Johar,6.2272727272727275
I.V. Sasi,6.26
Illangkannan,5.6
Imran Khalid,4.757142857142857
Imran Khan,4.9
Imtiaz Ali,6.8375
Imtiaz Khan,4.6
Imtiaz Punjabi,4.6
Inayat Mahshar,4.7
Inder Raj Anand,5.7
Inder Sen,6.7
Indervesh Yogee,6.6
Indra Kumar,5.278571428571429
Indra Narayan Datta,6.8
Indrajeet Singh Bansal,8.0
Indrajit Lankesh,4.25
Indrajit Nattoji,5.0
Indrajit Singh,4.2
Indranil Roychowdhury,7.6
Inka Achté,6.9
Iqbal,3.3
Iqbal Baksh,5.9
Iqbal Durrani,5.233333333333333
Iqbal Khan,4.7
Iqbal Raj,4.5
Irene Zoe Alameda,5.9
Irfan Kamal,7.1
Irfan Khan,4.0
Irshad,5.65
Irshad Khan,4.8
Ishaan Nair,5.0
Ishaan Trivedi,4.05
Ismail Darbar,6.1
Ismail Inamdar,6.1
Ismail Memon,5.775
Ismail Merchant,6.449999999999999
Ismat Chughtai,6.0
Israr Ahmed,2.9
Ivan Ayr,6.9
Ivan Oneka,3.1
J. Mahendran,6.45
J. Misra,7.8
J. Nutan Punkaj,5.9
J. Om Prakash,5.800000000000001
J.B.H. Wadia,5.7
J.D. Chakravarthi,5.1000000000000005
J.J. Madan,5.266666666666667
J.K. Bihari,4.8
J.K. Nanda,7.15
J.P. Dutta,6.1
J.S. Randhawa,5.7
Jabbar Patel,6.6000000000000005
Jag Mundhra,5.214285714285714
Jagan,4.7
Jagan Shakti,6.5
Jagannath Chatterjee,6.3
Jagat Joon,7.05
Jagatrai Pesumal Advani,6.1
Jagbir Dahiya,5.35
Jagdeep,5.6
Jagdev Bhambri,6.199999999999999
Jagdish A. Sharma,3.95
Jagdish Banerjee,6.4
Jagdish Kadar,5.8
Jagdish Nirula,5.3
Jagdish Pandey,3.2
Jagdish Rajpurohit,6.0
Jagdish Sidana,5.75
Jahnu Barua,6.6
Jai Tank,6.2
Jaideep Chopra,5.949999999999999
Jaideep Sen,4.2
Jaideep Varma,7.966666666666666
Jaidev Chakraborty,4.8
Jaimin Bal,6.35
Jain Rakesh,4.6
Jainendra Jain,5.3
Jaiprakashk Vinayak,7.8
Jairaj Padmanabhan,6.9
Jaiveer,3.2
Jalal Agha,5.8
Jambulingam,5.5600000000000005
James Dodson,6.2
James Erskine,8.6
James Ivory,6.8
Jan Schmidt-Garre,6.7
Janak Toprani,5.6
Janaki Vishwanathan,3.6
Janmendra Ahuja,3.9
Japinder Kaur Baweja,3.7
Jasbir Bijender Bhati,5.800000000000001
Jasmine D'Souza,3.1
Jaspal Bhatti,7.4
Jaspal Singh,3.6
Jasper,3.1
Jaswant Gangani,4.0
Jaswant Jhaveri,7.0
Jaswinder Chahal,6.6
Jatin Kumar,6.800000000000001
Jatla Siddartha,7.4
Jawar N. Sitaraman,4.9
Jay Kumar,4.0
Jayabrato Chatterjee,5.1
Jayant Desai,6.6499999999999995
Jayant Gilatar,5.266666666666667
Jayant Paranji,5.8999999999999995
Jayant Prabhakar,8.3
Jayanta Basu,7.3
Jayaprakash Radhakrishnan,6.7
Jayaraaj,5.4
Jayashree Kanal,7.1
Jayesh Pradhan,4.4
Jayoo,6.6
Jayoo Patwardhan,7.35
Jayprakkash Shaw,4.4
Jayveer Panghaal,3.5
Jean-François Pouliot,6.0
Jeet Matharru,7.6
Jeethu Joseph,5.4
Jeetu,4.3
Jeetu Arora,5.8
Jeeva,4.8
Jeevitha,6.2
Jeffrey D. Brown,6.9
Jeffrey Gee Chin,7.9
Jehangir Surti,5.0
Jennifer Lynch,2.9
Jeong-beom Lee,6.8
Jeppi,3.7
Jeremy Guy,8.1
Jignesh V. Vaishnav,3.9
Jijo Punnoose,6.6
Jiju Antony,6.7
Jijy Philip,6.1
Jim Goldblum,8.0
Jiten,6.2
Jiten Purohit,4.8
Jitendra Chawda,5.199999999999999
Jitendra Pawar,2.4
Jitendra Singh Naruka,4.4
Jitin Rawat,9.1
Jitu Thakar,5.8
Joe Eshwar,6.6
Joe Rajan,5.5
Joel Palombo,6.7
Jogesh Sehdeva,6.8
Joginder Shelly,4.25
Johannes Roberts,5.3
John Cawas,4.7
John Hunt,6.2
John Madden,6.6
John Mathew Matthan,6.333333333333333
John Owen,7.1
Johny Bakshi,6.5
Jojo D'Souza,5.5
Jonathan Augustin,7.2
Jose Punnoose,3.1
Joseph Thaliyath Jr.,6.1
Joshiy,6.7
Joshua Z Weinstein,7.9
Joy Augustine,5.733333333333333
Joy Mukherjee,6.6
Jugal Debata,6.9
Jugal Hansraj,4.9
Jugal Kishore,5.7875
Jugal Raja,6.8
Juhi Chawla,4.8
Justin John,6.7
Jwalamukhi,4.1
Jyoti Sarup,6.55
Jyoti Swaroop,6.475
Jyotin Goel,4.4799999999999995
K Sharif,5.8
K Sukumar,7.2
K. Amarnath,6.007142857142857
K. Asif,6.5
K. Babuji,5.4
K. Balachander,7.1375
K. Bapaiah,5.27741935483871
K. Bikram Singh,7.2
K. Gopal Krishnan,6.4
K. Hariharan,6.800000000000001
K. Mahesh Sukhadhare,6.7
K. Mishra,5.4
K. Muralimohana Rao,4.8076923076923075
K. Narayan Kale,8.0
K. Pappu,5.266666666666667
K. Parvez,6.1
K. Raghavendra Rao,5.574193548387097
K. Ramanlal,6.0
K. Ravi Raj,4.4
K. Ravi Shankar,4.866666666666666
K. Shankar,5.933333333333334
K. Shivram,3.1
K. Shrivastava,4.9
K. Subash,6.9
K. Subhash,5.2
K. Thankappan,7.1
K. Vasu,7.7
K. Vijayan,5.9
K. Viswanath,6.14
K.B. Lall,6.9
K.B. Tilak,6.35
K.C. Bokadia,4.35
K.C. Handra,2.7
K.D. Satyam,4.65
K.I. Sheikh,3.2
K.K. Singh,5.7
K.P. Sasi,6.7
K.P. Singh,8.3
K.R. Rangan,6.2
K.R. Reddy,4.74
K.S. Adiyaman,4.7
K.S. Gopalakrishnan,6.35
K.S. Prakash Rao,7.35
K.S. Rami Reddy,6.7
K.S. Ravi,5.5
K.S. Ravikumar,5.949999999999999
K.S. Ravindra,4.7
K.S. Sethumadhavan,6.475
K.S.R. Das,5.833333333333333
K.V. Raju,5.1
Kaashvi Nair,4.1
Kabeer Kaushik,5.275
Kabir Khan,6.133333333333333
Kabir Mehta,6.7
Kabir Sadanand,4.766666666666667
Kabir Singh Chowdhry,6.6
Kader Kashmiri,5.35
Kailash Advani,4.8
Kailash Bhandari,6.2
Kailash Surendranath,5.1
Kaizad Gustad,3.6
Kajal Naskar,5.5
Kali Prasad Ghosh,8.0
Kalidas,5.86
Kalpana Bhardwaj,4.8
Kalpana Lajmi,5.8
Kalpataru,5.64375
Kamakhya Narayan Singh,7.8
Kamal,4.65
Kamal Amrohi,6.8
Kamal Batra,6.6
Kamal Haasan,6.55
Kamal K.M.,6.9
Kamal Majumdar,6.0
Kamal Mehra,3.2
Kamal Nathani,6.2
Kamal Raj Bhasin,3.8
Kamal Sadanah,5.6
Kamal Sahni,3.0
Kamal Saigal,4.3
Kamal Sharma,6.3
Kamal Swaroop,6.8
Kamalakara Kameshwara Rao,7.266666666666666
Kamika Verma,7.0
Kanak Mishra,6.066666666666666
Kanika Batra,6.6
Kanishk Varma,5.0
Kanjibhai Rathod,5.5
Kanmani,4.0
Kannan,4.9
Kannan Iyer,5.7
Kannan Thamarakkulam,4.2
Kant J. Parmar,7.4
Kanti Shah,4.997368421052632
Kantilal Rathod,5.666666666666667
Kanu Behl,7.6
Kanwal Biala,6.1
Kanwal Sethi,6.7
Kapil Dev,4.9
Kapil Kapoor,5.85
Kapil Sharma,4.6
Kapri Vinod,6.050000000000001
Karan Anshuman,4.5
Karan Ashar,6.5
Karan Butani,4.3
Karan Darra,4.0
Karan Gour,6.7
Karan Johar,6.699999999999999
Karan Kandhari,6.1
Karan Kashyap,4.933333333333334
Karan Malhotra,6.7
Karan Radhakrishna,4.8
Karan Razdan,4.071428571428571
Karan Vishwanath Kashyap,4.4
Karanjeet Saluja,5.699999999999999
Kartick Chattopadhyay,8.8
Karu Pazhaniappan,5.5
Karunesh Thakur,6.466666666666666
Kasam Ali,4.3
Kashinath,6.35
Kashmira Shah,4.9
Kasthuri,3.5
Kathir,6.8
Kaushal Bharati,5.9
Kaushalraj Batra,5.0
Kaushik Ghatak,5.7
Kaushik Roy,6.2
Kaustav Narayan Niyogi,3.4
Kawal Sharma,5.109090909090909
Kedar Kapoor,6.131578947368421
Kedar Shinde,5.1
Ken Ghosh,5.3999999999999995
Ken Khan,6.0
Kesar Matharu,3.4000000000000004
Keshavrao Dhaiber,3.1
Keshhav Panneriy,5.4
Keshu Ramsay,5.257142857142857
Ketan Anand,5.025
Ketan Desai,5.3
Ketan Mehta,6.666666666666667
Keval P. Kashyap,5.6000000000000005
Kewal Kumar,6.2
Kewal Misra,4.875
Kewal Singh,3.7
Keyan,5.5
Khalid Akhtar,5.925
Khalid Mohamed,5.333333333333333
Khalid Sami,5.4
Khalid Y. Batliwalla,5.8
Khan Aleena,6.9
Khushboo Ranka,8.7
Khwaja Ahmad Abbas,6.371428571428572
Kidar Nath Sharma,7.466666666666667
Kiran Kumar,5.4
Kiran Nakti,6.7
Kiran Ramsay,4.8
Kiran Rao,7.0
Kireet Khurana,6.449999999999999
Kirti Kumar,5.116666666666666
Kirti Reddy,6.6
Kishan Shah,5.220000000000001
Kishan Shrikanth,7.2
Kishore Bhargav,3.5
Kishore Khanna,5.8
Kishore Kumar,7.225
Kishore Rege,6.4
Kishore Sahu,6.3
Kishore Vyas,4.0
Kislay,7.9
Kodanda Rami Reddy A.,6.036363636363637
Kodi Ramakrishna,5.233333333333333
Kolli Pratyagatma,6.3500000000000005
Komal Tolani,8.6
Kompin Kemgumnird,5.9
Konkona Sen Sharma,7.5
Kookie Gulati,5.15
Kottayam Chellappan,4.5
Kranthi Kumar,6.6
Kranti Kanadé,7.1
Krishan Chopra,5.666666666666667
Krishan Hooda,6.8
Krishna Agazzi,7.2
Krishna Bhatt,6.9
Krishna D.K.,6.56
Krishna Ghattamaneni,4.675
Krishna Gopal,3.5
Krishna Kumar,6.2
Krishna Mishra,5.65
Krishna Naidu,5.85
Krishna Shah,6.449999999999999
Krishna Vamsi,6.266666666666667
Krishnadev Yagnik,7.3
Krishnakant,6.8
Krishnakant Pandya,5.2
Krishnan Pv,4.2
Kritika Sachdeva,7.8
Kshitij Sharma,6.1000000000000005
Kukoo Kapoor,3.35
Kuku Kohli,5.225
Kuldeep Ruhil,9.1
Kumaar Aadarsh,5.0
Kumar Anand,4.275
Kumar Bhatia,5.15
Kumar Dave,6.8
Kumar Jay,5.4
Kumar Pradeep,4.6
Kumar Raj,5.5
Kumar Shahani,6.85
Kumud Chaudhary,6.1
Kunaal Roy Kapur,6.8
Kunal Deshmukh,6.05
Kunal Kohli,5.283333333333333
Kunal Kumar,6.6
Kunal Shivdasani,3.7
Kunal Vijaykar,2.8
Kunal v Singh,6.15
Kundan Kumar,5.125
Kundan Shah,5.485714285714286
Kuntaa Nikkil,7.199999999999999
Kushal Ruia,6.7
Kushal Srivastava,5.6
Kushan Nandy,6.166666666666667
L.V. Prasad,6.4
Lakhwinder Shabla,4.3
Lakshmikanth Chenna,6.8
Lal Vijay Shahdeo,6.6
Lalit Marathe,5.9
Lalit Mohan,4.9
Lalji B. Yadav,5.3
Lasse Hallström,7.3
Lateef Binny,4.933333333333334
Latif Faiziyev,5.9
Latif Khan,4.7
Lawrence D'Souza,4.570588235294117
Lawrence Raghavendra,2.4
Laxman Singh,6.8
Laxman Utekar,6.3
Laxmikant Shetgaonkar,5.9
Leela Prasad,3.5
Leena Yadav,5.6499999999999995
Lekh Tandon,6.43076923076923
Lekhraj Bhakri,6.863636363636363
Leslee Udwin,8.2
Linda Aïnouche,8.1
Loksen Lalvani,6.0
Lom Harsh,5.2
Lovely Singh,3.6
Luke Kenny,3.5
Luv Ranjan,7.05
M J Ramanan,5.3
M. Kumar,7.0
M. Sadiq,6.1692307692307695
M.A. Thirumugham,6.05
M.F. Hussain,5.6
M.I. Dharamsey,7.55
M.I. Raj,3.5
M.K. Burman,7.3
M.L. Anand,7.699999999999999
M.M. Baig,5.7
M.N. Yasin,4.5
M.R. Shahjahan,5.533333333333334
M.S. Ramesh,6.9
M.S. Sathyu,6.6499999999999995
M.V. Raman,5.7
Madan,6.0
Madan Bawaria,5.3
Madan Joshi,4.75
Madan Mohla,5.6
Madan Sinha,7.4
Madhu Ambat,6.2
Madhu M.,6.9
Madhukar Bavdekar,6.7
Madhur Bhandarkar,6.028571428571429
Madhureeta Anand,6.1
Madhusudan,6.1
Mahaveer Shringi,4.5
Mahender Singh,5.1
Mahendra Sandhu,5.2
Mahendra Shah,4.074999999999999
Mahendra Teredesai,4.9
Mahesh Anand,6.0
Mahesh Babu,6.9
Mahesh Bhatt,5.414893617021277
Mahesh Dattani,6.5
Mahesh Kapoor,5.1
Mahesh Kaul,6.633333333333333
Mahesh Kodiyal,6.7
Mahesh Kothare,6.720000000000001
Mahesh Manjrekar,5.8578947368421055
Mahesh Mathai,7.1
Mahesh Nair,4.0
Mahesh Rajmane,6.5
Mahesh Tillekar,5.15
Mahesh Vaijnath Doijode,5.7
Mahmood Khan,7.2
Mahrukh Mirza,5.6
Mainak Dhar,4.8
Majid Majidi,7.0
Major Sundarrajan,6.8
Makarand Brahme,7.9
Makrand Deshpande,4.8
Mama,5.2
Manan Katohora,4.9
Manav Bhalla,6.0
Manav Kaul,7.7
Manav Sohal,5.5
Mandakini Mathur,6.0
Mandeep Kumar,5.8
Mandi Burman,6.0
Maneej Premnath,6.0
Maneesh Sharma,6.55
Mangal Anand,3.6
Mangal Chakravarty,5.0
Mangesh Hadawale,6.0
Mani Kaul,6.94
Mani Ratnam,7.025
Mani Shankar,5.7
Manibhai Vyas,7.3999999999999995
Manik Chatterjee,6.65
Manik Prem,4.4
Manika Sharma,5.7
Manikya Raju,7.9
Maninder Chana,5.8
Manish Acharya,7.0
Manish Goel,4.0
Manish Gupta,5.775
Manish Harishankar,4.65
Manish Jha,7.15
Manish Khandewal,4.3
Manish Manikpuri,5.4
Manish Mitra,6.5
Manish R. Khandelwal,5.4
Manish Saini,7.8
Manish Sharma,2.9
Manish Srivastav,3.6
Manish Tiwary,5.75
Manish Vatssalya,4.866666666666666
Manivannan,5.8
Manjari Makijany,6.6
Manjeet Singh,6.4
Manju Borah,7.9
Manmohan,4.15
Manmohan Desai,6.463636363636363
Manmohan Krishna,6.0
Manmohan Sabir,3.9
Manmohan Singh,5.1
Manobala,3.8
Manohar Nath Rangroo,5.9
Manoj Adhikari,6.8
Manoj Agrawal,4.7
Manoj Amarnani,5.4
Manoj J. Bhatia,5.1
Manoj K. Jha,6.9
Manoj Kumar,6.085714285714286
Manoj Palrecha,6.6
Manoj Sharma,5.15
Manoj Shidheshwari Tiwari,5.033333333333333
Manoj Singh,4.2
Manoj Tyagi,4.8
Manojkumar,4.2
Mansi Dovhal,5.2
Mansoor Khan,7.225
Manu Prakash Singh,6.9
Manu Rewal,4.7
Manu Warrier,5.9
Manuela Bastian,7.5
Maqbool Khan,4.05
Marco Hülser,8.2
Marina Libik,6.3
Marion Rodrigues,4.1
Mark Ratering,4.3
Maruti,6.7
Maruti Rao,6.0
Mashhoor Amrohi,3.5
Masood Ali,6.2
Master Bhagwan,5.5
Master Vinayak,5.4
Masud Mirza,4.3
Mayur Hardas,6.5
Mayur Katariya,7.8
Mazahir Rahim,8.8
Mazhar Kamran,6.8
Mazhar Khan,6.1
Meenal Dixit,9.0
Meera Jasmine,5.9
Megan Doneman,7.6
Megastar Maharishi Aazaad,5.7
Megha Ramaswamy,5.4
Meghna Gulzar,6.266666666666666
Mehboob Khan,6.786666666666666
Mehernosh Kapadia,6.1
Mehmood,6.257142857142857
Mehmood Khan,3.3
Mehran Amrohi,7.2
Mehrish,6.5
Mehul Kumar,5.133333333333334
Meneka Das,6.2
Meraj,6.575
Michael Chinappa,5.4
Michael Winterbottom,6.0
Mikhil Musale,6.2
Milan Luthria,5.766666666666667
Milann Ajmera,5.2
Milap Zaveri,3.875
Milind Dhaimade,7.8
Milind Gadagkar,3.2
Milind Rau,6.8
Milind Swamy,3.3
Milind Ukey,6.275
Milroy Goes,6.0
Mira Nair,7.7
Miriam Chandy Menacherry,6.4
Mitali Ghoshal,6.1
Mithu Singh,3.0
Mitra Sen,8.2
Modhu Bose,6.800000000000001
Moeen Amjad,4.8
Mohammed Hussain,6.075
Mohammed Israr Ansari,3.6
Mohan Babu,7.2125
Mohan Bhakri,4.154545454545454
Mohan Choti,4.5
Mohan Dayaram Bhavnani,5.825
Mohan J. Bijlani,6.733333333333333
Mohan Kavia,7.6
Mohan Kumar,6.1571428571428575
Mohan Savalkar,5.0
Mohan Segal,6.458823529411765
Mohan Sharma,3.5999999999999996
Mohan Singh Kavia,5.8
Mohan Singh Rathor,5.7
Mohan Sinha,6.775
Mohana Krishna Indraganti,6.9
Mohanji Prasad,4.166666666666667
Mohd Feroz Qureshi,6.4
Mohibul Haque,3.5
Mohinder,5.0
Mohinder Pratap Singh,6.9
Mohit Goswami,6.0
Mohit Hussein,6.2
Mohit Priyadarshi,7.3
Mohit Suri,6.133333333333333
Mohit Takalkar,5.9
Mohnish Bahl,3.3
Mohsen Makhmalbaf,6.0
Mohsin Abrar,7.9
Moni Bhattacharjee,6.279999999999999
Monjoy Joy Mukerji,6.1
Moosa Saleem,7.5
Moti B. Gidwani,5.533333333333334
Motilal,7.1
Mozez Singh,6.1
Mridul Mahendra,7.6
Mrighdeep Lamba,5.866666666666667
Mrinal Sen,7.222222222222222
Mrityunjay Devvrat,6.7
Muazzam Beg,7.1
Mudassar Aziz,5.225
Muhafiz Haider,6.7
Mukesh Chhabra,6.6
Mukesh Duggal,5.5
Mukesh Mishra,6.0
Mukesh Sharma,6.3
Mukhtar Ahmed,2.9
Muktha V. Srinivasan,6.0
Mukul Abhyankar,6.733333333333333
Mukul Anand,6.445454545454546
Mukul Dutt,6.1
Mumtaz Begum,5.6
Munindra,2.7
Munish Bhardwaj,5.6
Munni Pankaj,9.4
Muppalaneni Siva,5.6
Murali Nagavally,4.2
Murali Nair,5.8
Murari Sinha,7.8
Murtaza Changezi,7.1
Murugan Kumaran,5.8
Murugan V.,7.0
Musavir Jaleel,5.4
Mustafa Engineer,6.7
Mustufa Raj,4.2
Muzaffar Ali,5.85
Mystelle Brabbee,7.3
N. Chandra,6.171428571428572
N. Linguswamy,6.9
N. Maharajan,4.9
N. Narasimharao,6.8
N. Ragavan,5.3
N. Sankaran Nair,6.7
N.D. Kothari,4.666666666666667
N.K. Vishwanathan,7.3
N.K. Ziree,5.6
N.M. Kelkar,8.0
N.R. Acharya,7.1
N.S. Raj Bharath,5.3999999999999995
N.T. Rama Rao,7.5
N.V. Deshpande,5.5
Nabendu Ghosh,7.3
Nabh Kumar 'Raju',4.3
Nabyendu Chatterjee,6.2
Nachiket Samant,7.7
Nadeem Khan,5.0
Naeem Basit,6.9
Naeem Sha,4.2
Naeem Siddiqui,6.3
Nag Ashwin,5.0
Nagarjuna Akkineni,5.3
Nagendra Majumdar,6.0
Nagesh Bhonsle,7.3
Nagesh Kukunoor,6.991666666666667
Nagulan Ponnusamy,5.1
Najam Naqvi,6.2
Nakhshab Jarchavi,6.3
Nakul Singh Sawhney,6.7
Nalin Singh,8.8
Naman Nitin Mukesh,5.4
Nana Kldiashvili,7.6
Nanabhai Bhatt,5.529411764705882
Nanda Anand,6.0
Nandakishore,6.2
Nandamuri Balakrishna,6.6
Nandita Das,7.4
Nandita Singgha,5.8
Nandlal Jaswantlal,5.971428571428571
Nanubhoy Vakil,6.8
Narayan Chauhan,8.1
Narayan k Sahu,5.3
Narayana Rao Dasari,5.446666666666667
Narayana Rao Uppalapati,5.4
Narendra Bedi,6.057142857142857
Narendra Grewal,6.4
Narendra Singh,8.600000000000001
Narendra Suri,6.36
Naresh Kumar,6.038461538461538
Naresh Lalwani,5.3
Naresh Malhotra,5.24
Naresh Saigal,6.1125
Naseem,6.7
Naseeruddin Shah,6.5
Nasir Hussain,6.872727272727272
Nasir Shaikh,7.5
Nassar,6.75
Navaniat Singh,5.5
Navdeep Singh,7.366666666666667
Navin Batra,1.9
Navin Kumar,7.0
Navjot Gulati,3.6
Navneet Behal,4.4
Nayan Pachori,4.5
Nazar Khan,6.2
Nazir,5.2
Neelam r Singh,8.1
Neelima Azim,2.6
Neelu Arora,6.4
Neeraj Ghaywan,7.133333333333333
Neeraj Pandey,7.459999999999999
Neeraj Pathak,4.666666666666667
Neeraj Sahay,5.4
Neeraj Udhwani,5.8
Neeraj Vora,5.45
Neerav Ghosh,7.1
Neil Biswas,5.6
Nemom Pushparaj,3.2
Neshu Saluja,7.6
Neville Shah,7.5
Nicholas Kharkongor,7.0
Nicholas Meyer,6.1
Nicolas Chevaillier,5.3
Niharika Popli,8.5
Nikhil Bhat,6.8
Nikhil Mahajan,7.199999999999999
Nikhil Mahar,9.3
Nikhil Pherwani,7.2
Nikhil Saini,5.7
Nikkhil Advani,5.8100000000000005
Nila Madhab Panda,7.2
Nilay Dave,7.6
Niranjan,4.7
Niren Lahiri,5.45
Nisar Ahmad Ansari,5.85
Nisha Chainani,3.9
Nishikant Kamat,7.359999999999999
Nishil Sheth,6.8
Nishtha Jain,7.25
Nitesh Tiwari,7.975
Nitin Bose,6.346153846153846
Nitin Chandra,6.7
Nitin Gupta,7.6
Nitin Kakkar,7.140000000000001
Nitin Mahadar,6.1
Nitin Manmohan,4.4
Nitin Raghunath,6.7
Nitin Tiwari,6.8
Nitya Mehra,5.3
Nivedita Basu,6.2
Nocem Collado,6.2
Noshir Engineer,4.8
Nupur Asthana,6.2
Nusrat Sayyed,3.4
O.P. Dutta,6.6
O.P. Goyle,5.8
O.P. Ralhan,6.885714285714285
Om Prakash,6.7
Om Raut,7.6
Om Sai Prakash,5.6
Omung Kumar,5.625
Onir,6.3
Onkar Nath Mishra,5.4
Ovais Khan,4.4
Owais Husain,7.0
P. Bhaskaran,8.0
P. Chandra Kumar,4.8
P. Chandrakumar,4.366666666666667
P. Chandrasekhar,3.8
P. Lakshman,4.2
P. Madhavan,6.033333333333334
P. Pullaiah,8.5
P. Sambasiva Rao,6.800000000000001
P. Satya,6.4
P. Som Shekar,4.2
P. Vasu,4.8
P. Venu,4.4
P.A. Arun Prasad,5.75
P.C. Barua,6.933333333333334
P.D. Shenoy,7.2
P.G. Viswambharan,5.3
P.L. Santoshi,6.1571428571428575
P.P. Ghosh,5.1
P.S. Murthy,7.8
P.S. Prakash,4.7
Pa. Ranjith,6.45
Pablo César,4.2
Pachhi,5.45
Padam Kumar,4.3
Padmakumar Narasimhamurthy,8.1
Padmini Kapila,4.6
Paidi Jairaj,6.2
Pamela Rooks,6.7
Pammi Somal,5.15
Pan Nalin,7.225
Pankaj Advani,5.7
Pankaj Johar,7.7
Pankaj Kapur,4.7
Pankaj Kumar,7.2
Pankaj Parashar,5.754545454545454
Pankaj Prakash,7.0
Pankaj Purohit,7.6
Pankaj Saraswat,5.6
Pankaj Sharma,6.5
Pankaz Singh Tanwar,4.5
Panna Hossain,3.0
Pappu Palviendra,5.3
Pappu Verma,5.5
Param Gill,5.6
Param Tomanec,7.6
Parasuram,4.8
Pardeep Raja,4.7
Paresh Kamdar,6.800000000000001
Paresh Naik,5.5
Paresh Vinodray Savani,7.066666666666666
Paritosh Painter,4.2
Parmeet Sethi,6.0
Parth Sharma,8.9
Partho Ghosh,4.79
Partho Mitra,5.2
Partho Sen-Gupta,6.2
Parvati Balagopalan,6.1
Parvati Menon,7.566666666666666
Parvin Dabas,4.8
Parvinder Singh Wraich,8.7
Pasanta Bal,5.3
Pattanna,5.7
Paul Zils,7.6
Pavan Kaul,4.75
Pavan Kumar,5.7
Pavithran,5.1
Pawan Gill,4.5
Pawan Kripalani,5.566666666666667
Pawan Kumar,5.0
Pawan Kumar Sharma,6.833333333333333
Pawan k Shrivastava,6.6
Perarasu,2.8
Pesi Karani,6.1
Phani Majumdar,6.81
Pia Sukanya,4.5
Pinaki Bhushan Mukherji,6.199999999999999
Pinaki Chaudhuri,5.3
Piyush Bose,8.2
Piyush Dinker Pandya,6.6
Piyush Jha,6.4
Piyush Kumar,4.5
Piyush Sharma,8.1
Pon Kumaran,7.2
Pooja Bhatt,4.279999999999999
Poonam Dasgupta,3.2
Prabal Baruah,7.8
Prabha Thakur,6.0
Prabhakar Meena Bhaskar Pant,6.2
Prabhakar Pendhkar,5.9
Prabhakar Shukla,5.8
Prabhas,7.3
Prabhat Khanna,4.2
Prabhat Kumar,7.449999999999999
Prabhat Roy,6.233333333333333
Prabhat Sachdeva,8.1
Prabhu,6.5
Prabhu Deva,4.37
Prabhu Rathod,7.5
Prabhuraj,5.6
Prabu Solomon,9.1
Pradeep C. Shetty,3.2
Pradeep Hooda,3.8
Pradeep Kumawat,5.0
Pradeep Maini,4.3
Pradeep Sarkar,6.14
Pradip Jain,4.3
Pradip Krishen,7.2
Praful D.S. Tiwari,3.6
Praful Tiwari,4.0
Prahlad Dutt,7.4
Prahlad Sharma,5.5
Prajact Rebeloma,7.3
Prakash Arora,8.0
Prakash Jha,6.375
Prakash Kapoor,6.4
Prakash Kovelamudi,5.9
Prakash Mehra,5.945454545454546
Prakash Nambiar,5.7
Prakash Saini,3.533333333333333
Prakash Satam,6.1
Prakash Verma,5.4
Pramod Chakravorty,6.305555555555555
Pramod Joshi,6.9
Pramod Mandloi,1.7
Pramod Pathak,8.7
Pran,6.8
Pranav Singh,5.7
Prasenjit Chatterjee,5.8
Prashamit Chaudhury,6.4
Prashant Bhargava,6.2
Prashant Chadha,3.25
Prashant Gore,5.5
Prashant Johari,8.2
Prashant Nair,6.933333333333334
Prashant Nanda,6.666666666666667
Prashant Passy Pilley,6.4
Prashant Singh,4.4
Prashant Singh Rathore,5.7
Prasun Banerjee,2.7
Pratap Barot,5.8
Pratap Singh,4.5
Prateek Chakravorty,6.2
Prateek Vats,7.4
Prathap Pothen,6.866666666666667
Pratik Mittal,8.4
Pratima V. Kulkarni,6.6
Pratyush Sharma,8.2
Praveen Damle,7.3
Praveen Kumar,5.7
Praveen Morchhale,6.1
Praveenkanth,6.1
Pravesh Bhardwaj,4.2
Pravin Bhatt,5.9
Prawaal Raman,5.383333333333333
Prayag Raj,6.1000000000000005
Prem,7.3
Prem Adib,7.5
Prem Chopra,3.3
Prem Kapoor,6.5
Prem Lalwani,4.05
Prem Narayan Arora,6.08
Prem Prakash,6.7
Prem Prakash Modi,8.4
Prem Sagar,6.5
Prem Soni,4.7
Premankur Atorthy,6.300000000000001
Premraaj,6.3
Prerna Wadhawan,4.1
Prince,6.0
Prithvi Konanur,8.0
Prithviraj Sukumaran,7.5
Pritish Chakraborty,6.1
Priya Krishnaswamy,7.3
Priyadarshan,6.190322580645161
Priyanka,6.8
Priyanka Singh,7.3
Probir Roy,5.3
Prosit Roy,6.6
Pryas Gupta,6.6
Pughalmani,5.6
Puja Bedi,2.3
Pulkit,5.1
Punarvasu Naik,6.9
Puneet Issar,5.5
Puneet Khanna,5.7
Puneet Sira,5.0
Punit Malhotra,4.233333333333333
Puri Jagannadh,5.3
Pushan Kripalani,7.3
Pushkar Mahabal,7.5
Pushkar Manohar,5.7
Pushpdeep Bhardwaj,6.0
Pushpendra Nath Misra,5.5
Pushpendra Singh,6.800000000000001
Qamar Narvi,5.9
Qasim Khallow,7.0
Qaushiq Mukherjee,4.95
R. Balki,6.9
R. Bhattacharya,4.775
R. Chandra,6.3
R. Krishnamurthy,6.766666666666667
R. Krishnan,6.26
R. Madhesh,5.1
R. Mittal,5.16
R. Sundarajan,4.4
R. Thakur,3.3
R. Thyagaraajan,5.683333333333334
R.C. Sakthi,3.8
R.C. Talwar,6.540000000000001
R.D. Mallik,4.4
R.G. Thaker,5.4
R.K. Bannerjee,5.6
R.K. Nayyar,6.416666666666667
R.K. Rakhan,7.449999999999999
R.K. Selvamani,5.35
R.N. Vaidya,5.4
R.N.R. Manohar,6.0
R.P. Swamy,4.433333333333334
R.S. Choudhury,2.7
R.S. Ghelan,4.8
R.S. Prasanna,6.9
R.k. Sharma,3.3
Raaghav Dar,5.3
Raaj Shaandilyaa,7.0
Raajeev Walia,1.8
Raam Shetty,4.633333333333333
Rabi Kinagi,5.7
Rabindra Dharmaraj,6.8
Rackhee Sandilya,6.9
Radha Krishna Jagarlamudi,6.366666666666667
Radhakant,6.725
Radhakrishan,6.3
Radheshyam Pipalwa,6.4
Radhika Rao,5.166666666666667
Radhu Karmakar,7.4
Rafeeq Ellias,5.3
Raghav Jairath,9.3
Raghav Murali,5.7
Raghubeer Singh,6.8
Raghunath Jhalani,6.42
Raghuraj,5.8
Raghuram,6.3
Raghuvir Kul,5.3
Rahat Kazmi,5.066666666666666
Rahi Anil Barve,8.3
Rahul Aggarwal,6.1
Rahul Bhole,8.4
Rahul Bose,6.85
Rahul Dahiya,8.3
Rahul Dholakia,5.9399999999999995
Rahul Jain,7.2
Rahul Kumar Shukla,5.0
Rahul Mallick,9.3
Rahul Rajan,7.3
Rahul Rawail,5.358823529411764
Rahul Shanklya,7.1
Raj Amit Kumar,5.1
Raj Bharat,4.35
Raj Kanwar,4.89375
Raj Kapoor,7.145454545454545
Raj Kaushal,5.225
Raj Khosla,6.446153846153846
Raj Kumar Bedi,6.6
Raj Kumar Gupta,6.5200000000000005
Raj Madiraju,5.9
Raj Marbros,6.3
Raj Mehta,6.9
Raj Mohan,7.8
Raj N. Sippy,5.13125
Raj Pendurkar,4.6
Raj Purohit,5.6
Raj Rishi,6.6
Raj Sharma,4.0
Raj Shetty,5.2
Raj Singh Chaudhary,6.0
Raj Tilak,6.666666666666667
Raja,6.6
Raja Bundela,5.366666666666667
Raja Chanda,5.3
Raja Krishna,6.0
Raja Menon,6.525
Raja Nawathe,6.5375
Raja Nene,7.9
Raja Paranjpe,6.9
Raja Sen,4.9
Raja Thakur,6.2
Raja Unnithan,6.0
Rajan Johri,5.366666666666667
Rajan Khosa,6.949999999999999
Rajan Kothari,7.1
Rajan Kumar Patel,5.5
Rajan Thakur,5.2
Rajan Waghdhare,4.7
Rajasekar,7.199999999999999
Rajasekhar,5.3
Rajashekhar,5.9
Rajat Bhardwaj,9.3
Rajat Kapoor,6.95
Rajat Kumar Chaturvedi,8.7
Rajat Mukherjee,4.966666666666666
Rajat Rakshit,5.857142857142857
Rajat Rawail,3.5
Rajatesh Nayyar,5.8
Rajbans Khanna,6.8
Rajeev Bhatia,5.8
Rajeev Chaudhari,2.8
Rajeev Gautam,5.8
Rajeev Jhaveri,5.300000000000001
Rajeev Kumar,5.016666666666667
Rajeev Nagpal,5.3
Rajeev Raj,4.6
Rajeev Virani,4.633333333333334
Rajendra Bhatia,6.8
Rajendra Kumar,6.5
Rajendra Prasad V.B.,4.833333333333333
Rajendra Singh 'Atish',7.2
Rajesh Babbar,6.9
Rajesh Bachchani,6.3
Rajesh Bajaj,1.9
Rajesh Bakshi,2.9
Rajesh Bhatt,5.7
Rajesh Butalia,4.9
Rajesh Ganguly,6.7
Rajesh Hans,7.0
Rajesh Khanna,7.1
Rajesh Krishnan,7.6
Rajesh Kumar Singh,3.2
Rajesh Mapuskar,6.4
Rajesh Mittal,7.1
Rajesh Nahta,4.4
Rajesh Nanda,4.45
Rajesh Pandey,2.7
Rajesh Pillai,6.7
Rajesh Ram Singh,4.4
Rajesh Ramdev Ram,7.3
Rajesh Ranshinge,4.2
Rajesh S. Jala,7.4
Rajesh Seth,5.2
Rajesh Shera,6.6
Rajesh Vakil,6.3
Rajesh. K.,6.5
Rajiev Dhingra,7.3
Rajinder Singh Bedi,7.199999999999999
Rajiv Babbar,5.2
Rajiv Chilaka,5.37
Rajiv Chilakalapudi,6.1
Rajiv Dhingra,4.4
Rajiv Goswami,3.6
Rajiv Kapoor,5.7
Rajiv Maikhuri,3.8
Rajiv Mehra,6.0
Rajiv Rai,5.814285714285715
Rajiv S. Ruia,4.142857142857143
Rajkumar,8.6
Rajkumar Bhan,5.9
Rajkumar Hirani,8.059999999999999
Rajkumar Kohli,4.929411764705883
Rajkumar R. Pandey,4.5
Rajkumar Santoshi,6.771428571428571
Rajnath,5.8
Rajni Basumatary,8.0
Rajni Chandra,3.6
Rajnish Bahl,7.2
Rajnish Thakur,4.133333333333333
Rajpal Yadav,5.4
Rajsekhar,5.0
Rajshree Ojha,5.0
Raju Chouhan,3.1
Raju Desai,6.0
Raju Eswaran,7.3
Raju Khan,3.6
Raju Mavani,4.25
Raju Saigal,5.0
Raju Subramaniam,4.0
Raka,5.9
Rakesh Bedi,2.1
Rakesh Chaturvedi Om,5.550000000000001
Rakesh Kakaria,5.2
Rakesh Kudalkar,7.0
Rakesh Kumar,5.811111111111111
Rakesh Mehta,5.3
Rakesh Nahata,4.0
Rakesh Parmaar,6.699999999999999
Rakesh Prasad,7.2
Rakesh Ranjan Kumar,3.5
Rakesh Roshan,6.023076923076923
Rakesh Sarang,3.8
Rakesh Sawant,5.825
Rakesh Sharma,8.5
Rakeysh Omprakash Mehra,6.483333333333333
Rakhan,6.5
Rakshit Dahiya,4.9
Ram Daryani,5.85
Ram Dayal,6.6
Ram Devineni,6.9
Ram Gopal Varma,5.491176470588235
Ram Govind,5.5
Ram Kamal Mukherjee,6.5
Ram Kamlani,5.9
Ram Kelkar,5.75
Ram Kumar,4.6
Ram Lakhan,2.9
Ram Madhvani,7.6
Ram Maheshwari,5.779999999999999
Ram Mukherjee,6.720000000000001
Ram Narayan Gabale,6.45
Ram P. Sethi,5.7
Ram Pahwa,3.6999999999999997
Ram Ramesh Sharma,7.1
Rama Rao Tatineni,5.379411764705883
Raman B. Desai,6.233333333333333
Raman Kumar,4.7
Ramana,3.8000000000000003
Ramanand Sagar,6.558333333333334
Ramanarayanan,4.449999999999999
Ramanjit Juneja,5.7
Ramanlal Desai,4.8
Ramanna,5.857142857142857
Ramanna T.R.,4.8
Ramchandra P.N.,7.2
Ramchandra Thakur,6.233333333333334
Ramesh Ahuja,5.220000000000001
Ramesh Bedi,4.8
Ramesh Behl,5.816666666666666
Ramesh Khatkar,5.8
Ramesh Lakhanpal,6.449999999999999
Ramesh Modi,5.366666666666667
Ramesh Puri,5.0
Ramesh Rout,5.2
Ramesh Saigal,7.05
Ramesh Sippy,6.118181818181818
Ramesh Talwar,6.483333333333333
Ramesh U. Lakhiani,3.4333333333333336
Ramin Bahrani,7.1
Ramkishan Choyal,8.8
Ramkumar Bohra,6.0
Ramkumar Pawadia,5.8
Ramkumar Shedge,8.0
Ramu Kariat,7.7
Ramya Krishnan,4.1
Randeep Jha,7.1
Randhir Kapoor,6.433333333333334
Ranga B.S.,8.0
Rani Mukerji,3.9
Ranjan Bose,4.35
Ranjan Chandel,7.2
Ranjan Palit,6.4
Ranjan Shandilya,6.5
Ranjeet,5.1
Ranjeet Gupta,4.9
Ranjit Kapoor,6.0
Ranjit Tewari,6.2
Ranveer Pratap Singh,6.1
Rao C.S.R.,4.4
Rasool Ellore,5.6
Ratan Sil Sarma,6.8
Rati Agnihotri,3.1
Ratilal Hemchand Punatar,7.7
Ratnaa Sinha,7.6
Ravi Adhikari,7.3
Ravi Bhatia,5.6
Ravi Chopra,6.088888888888889
Ravi Dewan,4.2
Ravi Godse,7.7
Ravi Jadhav,4.9
Ravi K. Chandran,3.5
Ravi Kapoor,5.4
Ravi Khanna,6.3
Ravi Kumar,7.2
Ravi Rai,4.949999999999999
Ravi Raja,4.95
Ravi Raja Pinisetty,5.720000000000001
Ravi Sharma Shankar,3.6
Ravi Sinha,4.9
Ravi Tandon,6.488888888888889
Ravi Udyawar,7.3
Ravi Varma,5.8
Ravi Vide,2.8
Ravichandran,5.15
Ravikant Nagaich,5.765217391304348
Ravinddra Khare,6.033333333333334
Ravinder Ravi,2.4
Ravindra Arora,4.3
Ravindra Dave,6.183333333333334
Ravindra Gautam,6.0
Ravindra Peepat,4.971428571428571
Ravindra Singh,5.4
Ravindra Singh Rajawat,6.4
Rebecca Haimowitz,7.1
Reema Kagti,6.866666666666667
Reema Rakesh Nath,5.3
Reena Mohan,7.6
Rehman Naushad,5.3
Remo D'Souza,4.133333333333334
Remy Kohli,6.6
Renju Ramesh,5.9
Renuka Shahane,6.1
Renzil D'Silva,5.7
Revathi,6.449999999999999
Ribhu Dasgupta,5.666666666666667
Richard Attenborough,8.0
Richie Mehta,7.3
Rikhil Bahadur,5.9
Rima Das,6.8
Rishi Kapoor,5.5
Rishi Prakash Mishra,5.8
Rita Bhaduri,2.5
Ritam Srivastav,7.3
Ritesh Batra,7.35
Ritesh Menon,6.55
Ritesh Sharma,8.0
Ritesh s Kumar,5.8
Ritu Sarin,7.0
Rituparno Ghosh,7.05
Riyad Vinci Wadia,7.0
Rob Fruchtman,7.9
Robbie Grewal,6.575
Robert Lieberman,5.7
Robin Khosla,6.550000000000001
Rohan Sippy,6.0
Rohena Gera,7.7
Rohit Arora,8.7
Rohit Dhawan,5.4
Rohit Dwivedi,8.1
Rohit Jugraj,4.666666666666667
Rohit Kaushik,6.199999999999999
Rohit Krishnakant Nayyar,4.7
Rohit Manash,4.4
Rohit Mittal,6.25
Rohit Philip,7.1
Rohit Shetty,5.730769230769231
Rohit Vaid,7.7
Roland Joffé,4.6
Romesh Sharma,6.15
Romilla Mukherjee,6.2
Romney Dey,3.9
Ronit Jadhav,8.15
Rono Mukherjee,6.0
Roop Dutta Naik,4.4
Roop K. Shorey,6.566666666666666
Roopesh Kumar,4.75
Rosauro Adorable,5.5
Roshan Abbas,4.0
Roshan Taneja,5.4
Ruchi Narain,5.7
Ruchika Muchhala,6.5
Ruchika Oberoi,6.7
Rudra Matsa,6.1
Rudra Patla Venugopal,3.6
Rumi Jaffery,4.35
Rupali Guha,5.8
Rupesh Paul,6.7
S Krishna,6.4
S. Ali Raza,6.4
S. Bannerjee,6.733333333333333
S. Deepak,4.7
S. Gawli,4.0
S. Karnam,4.1
S. Khalil,7.3
S. Kumar,4.9
S. Manasvi,5.3
S. Narayan,7.65
S. Ram Sharma,7.1
S. Ramanathan,6.155555555555555
S. Shankar,7.166666666666667
S. Soni,4.2
S. Sukhdev,7.0
S. Sunil,9.0
S. Waris Ali,4.5
S.A. Akbar,6.166666666666667
S.A. Chandrashekhar,5.0874999999999995
S.A. Kader,5.7
S.D. Narang,5.57
S.J. Suryah,5.9
S.K. Kapur,3.4
S.K. Luthra,4.6
S.K. Ojha,7.1
S.K. Prabhakar,6.7
S.K. Subash,4.733333333333333
S.M. Abbas,6.0
S.M. Nawab,7.8
S.M. Raza,2.5
S.M. Sagar,5.514285714285714
S.M. Yusuf,4.25
S.N. Banerjee,6.3
S.N. Tripathi,6.671428571428572
S.P. Balasubrahmanyam,8.4
S.P. Muneshwar,4.8
S.P. Muthuraman,5.885714285714286
S.R. Pratap,4.1
S.R. Puttana Kanagal,7.1
S.S. Balan,6.85
S.S. Dharwadkar,7.5
S.S. Kulkarni,8.9
S.S. Ravichandra,5.2
S.S. Stanley,4.15
S.S. Vasan,6.69
S.U. Sunny,7.25
S.U. Syed,4.133333333333334
S.V. Krishna Reddy,5.933333333333334
S.V. Rajendra Singh Babu,5.6000000000000005
Saabir,5.0
Saad Khan,7.5
Saahil Prem,5.1
Saandesh Nayak,4.4
Saawan Kumar Tak,5.1899999999999995
Sabal Singh Shekhawat,6.2
Sabir,4.2
Sabir Khan,4.425
Sabyasachi Mohapatra,7.9
Sachin Agarwal,5.8
Sachin Bajaj,3.3
Sachin Bhowmick,6.7
Sachin Gupta,5.2
Sachin Kamlakar Khot,3.7
Sachin Kundalkar,4.4
Sachin P. Karande,6.65
Sachin Pilgaonkar,5.74
Sachin Yardi,5.6000000000000005
Sachindra Sharma,2.9000000000000004
Sadaqat Hussein,3.9
Sadashiv Amrapurkar,4.9
Sadashiv J. Row Kavi,5.9
Sadhana,6.9
Sadhu Meher,5.9
Saeed Akhtar Mirza,6.75
Safdar Rahman,6.5
Sagar Ballary,5.82
Sagar Pathak,8.3
Sagar Sarhadi,6.85
Saheem Khan,5.8
Sahil Sangha,5.8
Sai Kabir,4.8
Sai Paranjape,6.988888888888889
Saif Ali Sayeed,10.0
Saif Baidya,7.5
Saif Hyder Hasan,5.6
Sajeev Balath,7.5
Sajid,4.75
Sajid Ali,7.8
Sajid Khan,4.0600000000000005
Sajid Nadiadwala,5.3
Sajit Warrier,4.4
Saket Chaudhary,6.733333333333333
Saket S. Behl,7.1
Sakthi Chidambaram,2.7
Salahuddin Parvez,4.45
Salar Shaikh,2.5
Salil Choudhury,5.8
Salim Raza,2.7
Salim Suma,5.5
Samar Chatterjee,5.9
Samar Iqbal,5.5
Samar Khan,5.35
Samarjit Dasgupta,2.5
Samarth Dixit,6.6
Samarth Mahajan,9.0
Sameer Hanchate,7.2
Sameer Joshi,6.3
Sameer Khan,4.05
Sameer Malkan,5.62
Sameer Patil,5.6
Sameer Sharma,6.6
Sameer Sippy,4.0
Sameer Thahir,7.7
Sami Khan,7.5
Samir Ganguly,6.5
Samir Joshi,6.2
Samir Karnik,5.033333333333333
Samir Soni,5.5
Samir Tewari,3.6
Samit Basu,5.5
Samit Kakkad,5.4
Sammir i Patel,5.8
Samudra V.,3.9
Sanal Kumar Sasidharan,7.0
Sanamjit Singh Talwar,5.2
Sandeep A. Varma,7.2
Sandeep Bhatt,3.2
Sandeep Chatterjee,3.3
Sandeep Chaudhary,3.5
Sandeep Kumar,3.4
Sandeep Kumar Chandola,7.0
Sandeep Mishra,7.2
Sandeep Mohan,8.15
Sandeep Pandey,6.8
Sandeep Reddy Vanga,7.1
Sandip Ray,7.8999999999999995
Sangeeth Sivan,4.6
Sanghamitra Chaudhuri,6.55
Sanjay,5.5
Sanjay Amar,6.333333333333333
Sanjay Bhatia,4.8
Sanjay Chhel,3.875
Sanjay D. Singh,6.1
Sanjay Dayma,6.7
Sanjay F. Gupta,5.5
Sanjay Gadhvi,5.328571428571428
Sanjay Goel,3.9
Sanjay Gupta,5.466666666666666
Sanjay Jadhav,5.9
Sanjay Jha,6.2
Sanjay Kak,7.2
Sanjay Khan,5.966666666666666
Sanjay Khandelwal,5.949999999999999
Sanjay Khanna,4.7
Sanjay Leela Bhansali,7.122222222222222
Sanjay M. Khanduri,5.75
Sanjay Niranjan,6.3
Sanjay Patel,7.3
Sanjay Puran Singh Chauhan,7.550000000000001
Sanjay Sharma,4.133333333333334
Sanjay Soorkar,6.35
Sanjay Srinivas,2.9
Sanjay Talreja,6.3
Sanjay Tripathy,7.3
Sanjay Zaveri,3.1
Sanjeev Gupta,6.0
Sanjeev Kumar Rajput,6.5
Sanjeev Naik,6.1
Sanjeev Puri,4.5
Sanjeev Reddy,6.1
Sanjeev Sharma,5.7
Sanjeev Sharma Ronkel,4.7
Sanjeev Vedwan,6.6
Sanjib Dey,6.5
Sanjiv Jaiswal,6.3
Sanjivan Lal,7.3
Sanjoy,4.8
Sanjoy Nag,6.550000000000001
Sanju K. Gupta,3.9
Sankalp Reddy,7.6
Sanoj Mishra,6.766666666666666
Santanu Bhowmick,6.7
Santosh Kashyap,7.6
Santosh Kumar Chauhan,3.0
Santosh Saroj,7.5
Santosh Sivan,7.08
Santram Varma,5.2
Sapna Bhavnani,9.3
Saran,6.6
Sarankant,5.8
Sarath Babu,6.6
Sardar Talukdar,5.0
Sareesh Sudhakaran,6.4
Sarita Khurana,6.9
Sarmad Khan,4.5
Sartaj Singh Pannu,6.45
Sarthak Dasgupta,6.25
Sarvottam Badami,6.4
Sasikumar,6.4
Sathish,4.8
Sathish Ranjan,6.4
Sathya Prabhas Pinisetty,6.6
Sathyan Anthikad,7.6
Satish Duggal,6.2
Satish Kasetty,6.8
Satish Kaushik,5.014285714285714
Satish Kumar,5.8
Satish Nigam,6.6
Satish Rajwade,5.7
Satish Torani,6.8
Satpal,6.05
Sattwik Mohanty,7.3
Satya Gopal Bhatnagar,5.6
Satyajit Bhatkal,6.3
Satyajit Ray,7.449999999999999
Satyanarayana,5.7
Satyen Bose,6.707999999999999
Saumyy Shivhare,8.3
Saurab Narang,5.0
Saurabh Gulab Rao,8.5
Saurabh Kabra,4.2
Saurabh Shukla,5.3
Saurabh Varma,5.85
Savin Tuscano,5.4
Sayed Faizan Hussain,6.4
Seema Bhargava,7.6
Seema Desai,6.0
Seema Kapoor,5.25
Sekhar Suri,6.8
Sekhar Surya,8.1
Selva,3.6
Senthilnathan,5.4
Seong-gyou Lee,7.3
Seshu Kmr,6.6
Sev Anand,7.4
Shaad Ali,5.6000000000000005
Shadaab Khan,5.5
Shadaab Mirza,5.1
Shadab Ahmad,9.0
Shadab Khan,4.0
Shafi Inamdar,6.3
Shahab Shamsi,4.7
Shaheed Latif,6.75
Shahid Kabeer,8.3
Shahid Kapoor,3.3
Shahid Kazmi,6.75
Shahrukh Mirza,5.7
Shahrukh Sultan,5.1
Shaik Khaja Hussain,6.1
Shailendra Pandey,5.3
Shailendra Shukla,6.6
Shailendra Singh,6.5
Shailendra Singh Rajput,6.1
Shailesh Verma,4.7
Shaji N. Karun,5.1
Shakeel Noorani,4.35
Shakir Khan,6.8
Shakir Shah,6.3
Shakirul Alam,7.5
Shakti,8.2
Shakti Samanta,6.643589743589744
Shakun Batra,5.833333333333333
Shalini Harshwal,8.5
Shamin Desai,3.7
Shammi,6.1
Shammi Chhabra,5.1
Shammi Kapoor,6.733333333333333
Shamshad Pathan,3.9
Shankar Addi Mehra,7.5
Shankar Mukherjee,6.925
Shankar Nag,5.8
Shankar Vikram,5.6
Shankaraiya,5.1
Shanker Raman,6.5
Shankhadeep,3.7
Shantanu Anant Tambe,3.5
Shantaram Rajaram Vankudre,6.396428571428571
Shanti Kumar,5.3
Shantilal Soni,6.590000000000001
Sharad Chaudhary,4.6
Sharad Sharan,5.0
Sharadsingh Thakur,6.3
Sharan Sharma,5.3
Sharankumar Chand,6.050000000000001
Sharat Katariya,6.975
Shareeph Mansuri Saranawala,3.2
Sharique Minhaj,6.8
Shashank Khaitan,5.533333333333334
Shashank Kumar,7.6
Shashank Udapurkar,5.45
Shashanka Ghosh,5.675
Shashant Shah,6.633333333333333
Shashi Kapoor,5.3
Shashi Ranjan,3.3
Shashi Sudigala,6.1
Shashilal K. Nair,5.544444444444444
Shatilal Soni,8.3
Shatrujit Paul,6.1
Shaukat Hussain Rizvi,6.625
Shaurya Singh,6.8
Shawn Arranha,4.433333333333334
Sheershak Anand,4.15
Shefali Bhushan,6.2
Shekhar Ghosh,4.3
Shekhar Kapur,7.933333333333334
Shekhar Ramesh Mishra,6.9
Shekhar S. Jha,6.166666666666667
Shekhar Sirrinn,5.3
Shekhar Suman,5.1
Shekhar Ujjaninwal,2.8
Shekkhar Suri,6.8
Shelly Chopra Dhar,5.5
Sher Jung Singh,5.800000000000001
Shibu Mitra,5.175757575757576
Shiladitya Moulik,6.5
Shilpa Ranade,7.0
Shilpi Dasgupta,4.0
Shimit Amin,7.833333333333333
Shirish Kunder,4.433333333333333
Shirley Abraham,7.7
Shiv Hare,8.2
Shiv Kumar,5.76
Shiv Sahni,6.5
Shiva,4.8
Shiva Rindani,8.2
Shiva Shakti Datta,4.3
Shiva Thejus,5.8
Shivajee Chandrabhushan,6.949999999999999
Shivaji Lotan Patil,5.8
Shivakumar,5.5
Shivam Nair,6.4
Shivam Tiwari,6.1
Shivendra Singh Dungarpur,7.8
Shivram Yadav,4.366666666666666
Shlok Sharma,6.050000000000001
Shobhna Samarth,7.0
Shoib Nikash Shah,6.8
Shomu Mukherjee,4.85
Shona Urvashi,5.25
Shonali Bose,7.366666666666667
Shoojit Sircar,7.5
Shrabani Deodhar,4.1
Shravan Kumar,5.3
Shravankumar Tiwari,5.3
Shree Narayan Singh,6.133333333333333
Shrey Srivastava,3.75
Shreyas Talpade,5.4
Shrikant Sharma,4.4
Shripal Morakhia,4.3
Shriram,5.3
Shriram Bohra,6.0
Shrirang Dhhavale,6.7
Shubh Mukherjee,4.9
Shubham Singh,5.5
Shubhashish Bhutiani,7.1
Shuja Ali,5.1
Shujaat Saudagar,5.0
Shukla Barnali Ray,4.3
Shyam Benegal,7.25
Shyam Bharteey,8.8
Shyam Madiraju,7.7
Shyam Ralhan,5.0375
Shyam Ramsay,5.436
Shyam Ranjankar,6.5
Shyamal K. Mishra,5.8
Siba Mishra,6.0
Sibte Hassan Rizvi,4.7
Siddharth Anand,5.966666666666666
Siddharth Anand Kumar,6.3
Siddharth Malhotra,6.55
Siddique,4.7
Sidharth Srinivasan,6.05
Sikandar Khanna,6.14
Sikander Bharti,4.14
Silk Smitha,4.9
Simi Garewal,7.2
Singeetam Srinivasa Rao,6.6000000000000005
Sisir Misra,5.65
Sisir. P. Mishra,4.7
Siva,5.4
Smeep Kang,4.25
Sneha Taurani,6.0
Snehashish Mondal,8.9
Sohail Khan,4.933333333333334
Sohail Tatari,6.033333333333334
Soham Shah,4.699999999999999
Sohan Roy,3.3
Sohanlal Kanwar,5.6
Sohrab Modi,6.590000000000001
Som Haksar,6.4
Sonam Nair,5.6
Soni Razdan,3.9
Sonika Gill,2.1
Sooni Taraporevala,7.6
Sooraj M.K.,7.6
Sooraj R. Barjatya,6.016666666666667
Soumendra Padhi,7.6
Soumik Sen,5.466666666666666
Soumitra Ranade,5.65
Sourabh Bali,5.9
Sourabh Shrivastav,5.4
Sourabh Shrivastava,5.825
Sourav Sarangi,7.1
Sreenu Vaitla,5.4
Sridevi,3.6500000000000004
Sridhar Allani,6.9
Sridhar Rangayan,6.55
Sridhar Reddy,4.5
Srihari Nanu,3.8
Srijit Mukherji,6.699999999999999
Srikanth Velagaleti,6.0
Srinivas Bhashyam,4.9
Srinivas Sunderrajan,5.7
Srinivasa Rao Jonnalagadda,4.5
Sriparna Dey,6.1
Sripathi Panditharadhyula Rajaram,4.3
Sriram Raghavan,7.220000000000001
Sriram Raja,9.7
Sriramulu Naidu S.M.,7.2
Sruti Harihara Subramanian,7.7
Stalin Kurup,8.9
Stanley D'Costa,1.8
Stanley Joseph,6.65
Steven Lake,7.3
Steven Spielberg,6.4
Subhankar Ghosh,8.0
Subhash Agrawal,7.7
Subhash Ghai,6.225
Subhash Kapoor,6.3999999999999995
Subhash Mukherjee,5.85
Subhash Sehgal,4.449999999999999
Subhash Sharma,5.9
Subhash Sonik,4.7
Subodh Mukherji,6.555555555555555
Subodh Nagdeve,7.9
Subrata Bose,6.0
Subroto Paul,3.9
Sudarshan K. Rattan,4.7
Sudarshan Nag,5.1
Sudeep,6.5
Sudeep Ranjan Sarkar,5.5
Sudesh Issar,6.5
Sudha Kongara,8.35
Sudhanshu Hakku,3.4
Sudhanshu Saria,5.8
Sudhanshu Sharma,8.0
Sudharshan Lal,2.9
Sudhendu Roy,6.9
Sudhir Dalvi,6.5
Sudhir Durlabh Tandel,6.2
Sudhir Mishra,6.730769230769231
Sudhir Pillai,2.4
Sudhir R. Nair,4.8
Sudhish Kumar Sharma,5.550000000000001
Sudip Bandyopadhyay,6.3
Sudipto Chattopadhyay,4.95
Sudipto Sen,5.2
Suhaib Ilyasi,7.8
Suhas Kadav,6.7
Suhasini,7.0
Suhrud Godbole,9.4
Sujeet Kumar,8.0
Sujoy Ghosh,6.233333333333333
Sukhdev Ahluwalia,3.766666666666667
Sukhen Das,6.5
Sukhwant Dhadda,4.925
Sukumar Nair,6.8
Sulabha Deshpande,6.3
Sultan,2.8
Sultan Ahmed,5.566666666666666
Suman Ganguli,5.7
Suman Ghosh,7.6
Sumana Mukherjee,5.2
Sumbul Gazi,6.3
Sumeer Sabharwal,1.9
Sumeet Chawla,4.0
Sumit Sinha,6.3
Sumitra Bhave,5.7
Sumnash Sri Kaljai,6.3
Sunaina Bhatnagar,5.8
Sunanda Mitra,4.5
Sunanda Shyamal Mitra,3.4
Sundar C.,5.275
Sundeep Malani,4.2
Sunder Dar,5.9
Sunder Pal,6.2
Suneel Darshan,4.122222222222223
Suneet Arora,3.9
Suneil Anand,4.8
Sunhil Sippy,4.3
Sunil Advani,5.7
Sunil Agnihotri,4.16
Sunil Bohra,5.6
Sunil Dutt,6.583333333333333
Sunil Hingorani,5.3
Sunil K. Reddy,4.4
Sunil Kumar,3.4
Sunil Kumar Desai,6.699999999999999
Sunil Pal,4.199999999999999
Sunil Patel,8.9
Sunil Prem Vyas,6.9
Sunil R. Prasad,4.6
Sunil Sanjan,5.1
Sunil Shah,5.8
Sunil Sharma,4.5
Sunil Sikand,4.7
Sunil Singh,6.5
Sunil Subramani,5.4
Sunil Tiwari,5.0
Sunit Sinha,7.2
Sunny Bhambhani,5.3
Sunny Deol,5.3999999999999995
Suparn Varma,4.833333333333333
Supavitra Babul,4.1
Suraj Bharti,3.5
Suraj Joshi,8.3
Suraj Prakash,5.6454545454545455
Suraj Tiwari,8.2
Surender Reddy,5.6
Surendra Kumar Bohra,4.9
Surendra Mohan,5.8500000000000005
Surendra Shailaj,4.5
Suresh,4.5
Suresh Bafna,7.4
Suresh Issar,6.3
Suresh Jain,4.8
Suresh Krishna,5.666666666666667
Suresh Kumar Sharma,5.6
Suresh Triveni,7.0
Surindara Suri,5.7
Surinder Kapoor,5.1
Surjit Gill,3.2
Surya Lakkoju,2.4
Surya Prakash,3.9
Suryakant Tyagi,4.7
Suryaprakash Lakkoju,4.6
Susant Misra,7.65
Sushen Bhatnagar,4.9
Sushikailash,5.0
Sushil Majumdar,6.5
Sushil Malik,5.4
Sushil Rajpal,7.3
Sushil Vyas,4.166666666666667
Sushma Shiromani,3.1
Sushmit Ghosh,8.1
Sushrut Jain,8.0
Susi Ganesan,2.3
Suvahhdan Angre,6.9
Suvendu Ghosh,4.2
Suzad Iqbal Khan,5.54
Swamy V.S.R.,6.4
Swapan Saha,5.6
Swapna Joshi,4.0
Swaroop Kanchi,7.050000000000001
Swaroop Kumar,4.381818181818182
Syed Ahmad Afzal,6.433333333333334
Syed Hussain,6.4
T. Hariharan,5.3
T. Madhava Rao,5.7
T. Prakash Rao,6.58
T. Rajeevnath,5.3
T.L.V. Prasad,4.4655172413793105
T.N. Balakrishna,7.9
T.R. Raghunath,4.5
T.R. Sundaram,5.0
T.S. Mohan,3.8
T.S. Ranga,6.8
Tabrez Hashmi,3.5
Tabrez Noorani,7.4
Tahir Hussain,4.7
Taimur Brhramshah,6.4
Tajdar Amrohi,4.0
Talat Jani,4.966666666666667
Tannishtha Chatterjee,7.8
Tanuj Bhramar,5.3
Tanuja Chandra,5.8
Tanushri Chattrji Bassu,6.3
Tanveer Hashmi,5.0
Tanveer Khan,4.466666666666666
Tanvi Gandhi,6.6
Tanvir Ahmad,3.6
Tanvir Ahmed,6.4
Tapan Sinha,7.279999999999999
Tapi Chanakya,6.05
Tara Harish,6.2
Taranjiet Singh Namdhari,7.1
Taranveer Singh,4.5
Tariq Bhat,6.0
Tariq Khan,5.1
Tariq Shah,4.35
Tarique Khan,3.8
Tarun Dutt,5.1
Tarun Madan Chopra,6.6
Tarun Majumdar,6.966666666666666
Tarun Mansukhani,5.0
Tarun s Bisht,5.4
Teerat Singh,3.0
Tej Saran,6.2
Teja,3.9
Terrie Samundra,3.4
Thampi Kannanthanam,5.15
Thiru,5.5
Thomas Jacob,6.6
Thulasidas,6.3
Tiffanie Hsu,6.3
Tigmanshu Dhulia,6.425
Tilak Shetty,7.8
Tinnu Anand,5.82
Tinnu Verma,2.966666666666667
Tipu Khan,3.2
Tiwari,6.0
Tom Alter,7.3
Tonje Gjevjon,6.3
Tony Juneja,4.133333333333333
Trilok Jetley,7.0
Trisha Krishnan,4.7
Tulsi Ramsay,6.55
Tushar Hiranandani,7.7
Tushar Waghela,6.5
U.C. Roshan,3.2
Udai Singh Pawar,6.7
Uday Shankar,5.9
Udayshankar,4.8
Udyakanth,3.6
Ugyen Chhopel,7.9
Ujjwal Chatterjee,4.199999999999999
Ujjwal Singh,6.3
Ujjwal V. Thengdi,5.9
Uma Maheswara Rao,4.8
Umesh Bist,5.1
Umesh Ghadge,1.9
Umesh Mehra,5.3625
Umesh Shukla,6.225
Umesh Vinayak Kulkarni,7.2
Unknown,6.42
Urmila Matondkar,5.3
Usha Ganesarajah,4.3
Utkarsh Dev,4.7
Utpal Kalal,9.2
Utpalendu Chakrabarty,7.5
Uttar Kumar,6.9
V. Avadhoot,5.2
V. Gowthaman,6.0
V. Joshi,5.0
V. Krishna Kumar,4.3
V. Madhusudan Rao,6.4799999999999995
V. Menon,4.171428571428572
V. Nagendra Prasad,7.2
V. Ravichandran,6.0
V. Ravindra,5.9
V. Subba Rao,5.7
V.C. Desai,5.75
V.C. Guhanathan,5.0
V.C. Ramani,5.1
V.G. Samant,7.6
V.K. Choudhary,7.0
V.K. Naik,6.5
V.K. Prakash,6.633333333333333
V.K. Singh,5.9
V.M. Vyas,6.1499999999999995
V.N. Aditya,5.3
V.V. Ramana,4.5
V.V. Vinayak,6.8
Vaibhav Misra,4.5
Van Maximilian Carlson,8.0
Vandana Kataria,5.8
Vara Mullapoodi,4.9
Vara Prasad,3.7
Varadraj Swami,6.6
Varalakshmi G.,5.9
Varun Khanna,4.65
Varun Middha,4.3
Vasan Bala,7.2
Vasant Joglekar,5.6000000000000005
Vasant R. Patel,4.2
Vayalar Madhavan,4.6
Ved Rahi,6.2
Ved-Madan,5.866666666666667
Vedantam Raghavaiah,7.1
Veerendra,5.4
Veerendranath Yandamoori,6.2
Veeru Dwait,4.2
Venkatesh Bk,9.3
Venkatesh Daggubati,5.75
Venky Baboo,6.5
Venod Mitra,6.5
Vetrimaaran,8.5
Vibha Bakshi,8.2
Vibhu Puri,5.5
Vickey S. Kumar,5.9
Vickrant Mahajan,5.9
Vicky Bhardwaj,5.3
Vicky G.,3.4
Vicky Ranawat,5.3
Vicky S. Kumar,3.3
Vicky Tejwani,4.2
Vidhi Kasliwal,6.266666666666667
Vidhu Vinod Chopra,6.575
Vierendrra Lalit,7.300000000000001
Vijay,6.300000000000001
Vijay Anand,7.09375
Vijay B.,6.5
Vijay Bhatt,6.666666666666667
Vijay Ghatge,4.2
Vijay Jayapal,5.9
Vijay K. Bhaskar,6.4
Vijay Kapoor,6.0
Vijay Kaul,7.0
Vijay Kondke,3.7
Vijay Krishna Acharya,4.466666666666667
Vijay Kumar,3.9
Vijay Kumar Mishra,5.2
Vijay Lalwani,7.1
Vijay Pal,4.7
Vijay Patkar,4.6
Vijay Raaz,7.4
Vijay Ratnakar Gutte,6.0
Vijay Reddy,5.081818181818182
Vijay S. Bhanushali,3.25
Vijay Sadanah,6.155555555555555
Vijay Sharma,6.766666666666667
Vijay Singh,5.3
Vijay Suthar,8.6
Vijay Talwar,6.4
Vijaya Mehta,6.4
Viji Chandrashekhar,5.7
Viji Thampi,5.2
Vijit Sharma,6.1
Vikas Bahl,6.8
Vikas Desai,6.633333333333333
Vikas Kavthekar,6.7
Vikas Khanna,7.9
Vikram Bhatt,4.833333333333333
Vikram K. Kumar,7.3
Vikram Nath Gupta,6.2
Vikram Pradhan,5.1
Vikram Veturi,6.5
Vikramaditya Motwane,7.316666666666666
Vikramjit Singh,3.3
Vimal Kumar,4.775
Vimal Reddy,4.7
Vinay Shukla,5.125
Vinayan,3.9333333333333336
Vineet Khetrapal,5.3
Vinil Mathew,6.8
Vinnil Markan,5.3
Vinod Chhabra,4.3
Vinod Dewan,5.366666666666667
Vinod K. Verma,4.5
Vinod Kamble,8.7
Vinod Kumar,5.9
Vinod Mehra,4.9
Vinod Mukhi,3.5
Vinod Pande,5.533333333333333
Vinod Talwar,4.04
Vinod Tiwari,3.1
Vipin Handa,4.7
Vipin Parashar,3.5
Vipin k Sethie,5.9
Vipul Amrutlal Shah,5.5
Vipul K. Rawal,7.9
Viral H. Patel,4.3
Virendra Saini,6.666666666666667
Virendra Sharma,5.6
Virendra Sinha,5.766666666666667
Visakh G S,5.2
Vishal Aryan Singh,3.9
Vishal Bhardwaj,7.1
Vishal Inamdar,5.4
Vishal Mahadkar,5.0
Vishal Mishra,4.949999999999999
Vishal Mourya,8.8
Vishal Pandya,4.4799999999999995
Vishesh Bhatt,4.9
Vishnu Mathur,8.0
Vishnupant Govind Damle,7.325
Vishram Bedekar,6.366666666666667
Vishram Sawant,6.699999999999999
Vishwa Bhanu,9.3
Vishwamitra,5.6
Vishwamitter Adil,6.1
Vishwas Paandya,6.4
Vishwas Patil,2.3
Vishwesh Krishnamoorthy,7.4
Vivek Agnihotri,5.1375
Vivek Budakoti,6.3
Vivek Chaudhary,8.4
Vivek Kumar,3.7
Vivek Sharma,5.3999999999999995
Vivek b Agrawal,4.1
Wajahat Mirza,7.5
Wanphrang Diengdoh,7.0
Wasi Khan,6.4
Wes Anderson,7.2
Willard Carroll,4.8
William Hunt,3.5
Wilson Louis,4.666666666666667
Xavier Agudo,5.6
Y. Eshwara Reddy,4.4
Y. Nageswara Rao,6.9
Y.P. Singh,6.1
Y.V.S. Chowdary,5.7
Yakub Hasan Rizvi,6.449999999999999
Yash Chopra,6.972727272727273
Yash Chouhan,4.0
Yashpal Sharma,6.2
Yeshwant Pethkar,6.15
Yesudas,4.8
Yoganand,7.5
Yogendra Singh,7.5
Yogesh Bharadwaj,4.966666666666666
Yogesh Dattatraya Gosavi,7.4
Yogesh Ingole,7.8
Yogesh Ishwar,4.2
Yogesh Mittal,5.8
Yogesh Pagare,4.0
Yogesh Raj Mishra,4.2
Yogesh Saxena,5.7
Yogi Kathuria,4.6
Yunus Sajawal,6.1
Yusuf Khan,4.0
Yusuf Naqvi,6.6
Yusuf Qasmi,6.2
Yuvraj Kumar,6.95
Yûgô Sakô,6.8
Zaheer D. Lari,6.1
Zaid Ali Khan,5.5
Zaigham Ali Syed,5.6
Zaigham Imam,6.833333333333333
Zakir Khan,7.6
Zanane Rajsingh,6.7
Zeishan Quadri,7.2
Zia Sarhadi,6.366666666666667
Ziaullah Khan,5.6
Zoya Akhtar,6.8
Zubair Khan,6.9
Zunaid Memon,6.4
