actor_1,rating
A. Muthu,3.3
A. Nairang,6.1
A.K. Hangal,6.2
A.K. Misra,6.1
A.R.S.,5.8
A.S. Ravindra Babu,4.8
Aachi Manorama,4.8
Aadar Jain,5.6
Aadhi,6.6
Aadil Abedi,6.7
Aadil Chahal,5.6
Aahana Kumra,6.8
Aakar Kaushik,6.2
Aakash,3.9
Aalam,6.7
Aaloka,5.800000000000001
Aamir,4.3
Aamir Bashir,6.233333333333333
Aamir Khan,6.861764705882353
Aanchal Dwivedi,6.7
Aarti Chhabria,5.0
Aarti S. Bagdi,9.2
Aaryan,4.8
Aaryan Adhikari,6.8
Aashish Bhatt,6.6
Aashish Chaudhary,5.8
Aashish Kaul,3.6
Aasif Sheikh,4.4
Aatish Devgan,4.85
Aayush Shah,4.4
Aban Raza,5.6
Abbas,5.133333333333333
Abhay Bhargava,4.55
Abhay Chaudhary,6.7
Abhay Deol,6.7727272727272725
Abhay Singhal,7.6
Abhi Bhattacharya,7.15
Abhijeet,3.85
Abhijeet K.,7.2
Abhijeet Singh,6.8
Abhilasha,5.3
Abhimanyu Dasani,7.4
Abhimanyyu Abhimanyu,4.55
Abhinav Chaturvedi,4.6
Abhishek,6.550000000000001
Abhishek Bachchan,5.125
Abhishek Bharate,7.4
Abhishek Brahmachari,8.3
Abhishek Chitlangia,6.8
Abhishek Gupta,5.9
Abhishek Kapoor,4.15
Abhishek Patel,6.8
Abhiyan Rajhans,5.8
Abid,6.6
Abinash,8.5
Abir Insan,5.1
Abuzar Akhtar,4.0
Acchui,5.6
Adam M. Weber,8.0
Adam Saini,5.3
Adamya,5.9
Adarsh Gourav,7.1
Addy,4.8
Adeel Chaudhry,5.2
Adhvik Mahajan,4.0
Adhyayan Suman,5.933333333333333
Adil Ahamad,5.5
Adil Amaan,5.65
Adil Feroz Khan,4.9
Adil Hussain,6.3625
Aditi,6.9
Aditi Arya,5.4
Aditi Bhagat,5.0
Aditi Bir,5.2
Aditi Mittal,8.2
Aditi Rao Hydari,4.4
Aditya,6.2
Aditya Bal,5.3
Aditya Narayan,5.4
Aditya Pancholi,5.7700000000000005
Aditya Rawal,7.2
Aditya Roy Kapoor,6.04
Aditya Sharma,7.0
Aditya Srivastav,5.0
Afrin,3.4
Afsan,6.0
Aftab Shivdasani,4.8
Afzal Khan,3.5
Agast Anand,3.5
Agha,5.814285714285715
Aghajani,6.3
Ahaan Jha,10.0
Ahana,6.8
Ahmareen Anjum,7.699999999999999
Ahmed Faisal Inam,4.75
Ahsaas Channa,4.6
Aida Banaji,6.4
Ainul,5.0
Aisha Ahmed,6.9
Aishwarya,8.7
Aishwarya Narkar,4.0
Aishwarya Rai Bachchan,5.779999999999999
Aishwarya Rajesh Ash,6.1
Aishwaryaa Rajesh,6.3
Aitana Sánchez-Gijón,5.9
Ajay,4.4
Ajay Arya,4.2
Ajay Chourey,6.6
Ajay Devgn,5.322857142857143
Ajay Gautam,7.8
Ajay Gehi,6.1
Ajay Jadeja,4.3
Ajay Kkhundal,7.8
Ajay Kumar Singh,5.8
Ajay Verekar,7.4
Ajaykumar,5.4
Ajaz Khan,6.8
Ajinkya Deo,5.4
Ajit,5.588235294117647
Ajit Banerjee,6.6
Ajit Bhalla,6.0
Ajit Prakash,6.5
Ajit Singh Deol,6.0
Ajit Sinha,6.0
Ajita,3.1
Ajitesh Bannerjee,7.9
Ajith Kumar,4.65
Akanksha,6.6
Akanksha Awasthi,4.2
Akanksha Malhotra,5.0
Akanksha Puri,4.2
Akash,5.9
Akash Sagar Chopra,4.3
Akashdeep,3.2
Akbar Khan,4.9
Akhil Gautam,7.9
Akhil Kapur,4.0
Akhilesh,5.9
Akkash Basnet,3.5
Akkineni Nageshwara Rao,7.1
Akshat Jain,8.4
Akshat Verma,7.6
Akshay Anand,3.525
Akshay Bedi,4.4
Akshay Kapoor,3.9
Akshay Kumar,5.4817073170731705
Akshay Oberoi,6.033333333333334
Akshay Waghmare,7.0
Akshaye Khanna,5.841666666666666
Alankar Joshi,5.6
Aleksandr Zguridi,7.1
Aleksey Fedorchenko,5.5
Alex Lee,7.3
Ali,5.133333333333334
Ali Akbar,6.0
Ali Asgar,4.55
Ali Athar,2.8
Ali Fazal,5.0
Ali Zafar,5.825
Alia Bhatt,6.0
Alia Khan Dar,5.4
Alieesa P Badresia,5.2
Alisha,3.7
Alisha Farrer,8.2
Alka,6.4
Alka Amin,5.85
Alka Anjali,4.6
Allu Arjun,6.2
Alma S. Grey,5.0
Alok Chaturvedi,7.1
Alok Rajwade,7.8
Alpana,4.1
Amala Akkineni,4.66
Aman Mihani,5.4
Aman Ullah,6.3
Aman Verma,2.4
Amanda Ooms,5.5
Amar,6.0
Amar Dutta,8.2
Amar Upadhyay,3.5999999999999996
Amarasigamani,2.7
Amarjeet,4.7
Amarnath,4.9
Ambarish,5.75
Ambika,3.3
Ambika Kamal,6.2
Ambrish Sangal,7.3
Ameesha Patel,3.0
Ameeta,6.2
Ami Arora,6.6
Ami Asthana,5.8
Amin Gazi,2.7
Amit,2.7
Amit Behl,5.0
Amit Bhardwaj,8.1
Amit Bhaskar,5.2
Amit Dahiya Badshah,2.7
Amit Dhamija,3.1
Amit Hingorani,4.6
Amit Kapoor,3.1
Amit Khanna,2.6
Amit Madheshiya,7.7
Amit Pachori,4.5200000000000005
Amit Sadh,6.68
Amit Suryavanshi,3.6
Amita Pathak,3.4
Amitabh Bachchan,6.063247863247863
Amitkumar Sharma,5.5
Amitoj Mann,6.2
Amitosh Nagpal,8.4
Amiya Chakrabarty,6.9
Amjad Khan,5.2
Ammara Ali,4.9
Amol Palekar,7.014285714285714
Amole Gupte,8.4
Amrish Puri,6.4
Amrit,9.3
Amrit Raj Gupta,7.2
Amrita Acharya,4.9
Amrita Arora,4.4
Amrita Singh,4.1
Amrityan,6.4
Amulaya,6.1
Amy Maghera,6.6
Amyra Dastur,5.8
Amyth Sethi,4.2
Anamika Goel,4.5
Anamitra Roy,6.1
Anand,5.4
Anand Abhyankar,7.4
Anand Balraj,4.875
Anand Gandhi,8.3
Anand Patwardhan,8.0
Anand Sami,6.7
Anand Tiwari,5.7
Anandana Kapur,5.9
Anang Desai,7.2
Anant Nag,7.2
Anant Thakur,4.8
Anay,3.2
Anchana,4.0
Angeilla Dobson,4.7
Angelina Bhharwa,7.3
Aniket Vishwasrao,6.2
Anil Chahar,8.6
Anil Charanjeett,7.5
Anil Chatterjee,6.55
Anil Devgan,4.0
Anil Dhawan,5.581818181818182
Anil Ghildiyal,6.8
Anil Kapoor,5.575
Anil Kumar,4.6
Anil Nagrath,5.133333333333334
Anil Pandey,7.6
Anil v Kumar,4.2
Anirban Majumder,4.5
Aniruddh Agarwal,5.4
Aniruddh Dave,6.9
Anisa Butt,5.1
Anita,4.3
Anita Guha,6.6
Anita Kanwar,7.05
Anitav Bachchan,6.5
Anjali Devi,5.8
Anjali Patil,6.8
Anjan Srivastav,5.6
Anjana Bhowmik,6.3
Anjori Alagh,7.2
Anju Bawra,8.6
Anjum Nayar,4.6
Ankit Desai,7.0
Ankuar Panchal,4.9
Ankur,6.3
Ankur Tewari,6.3
Ankur Vikal,5.0
Ankush Chaudhari,6.2
Anmol,5.0
Anmol Dhillon,4.5
Anmol Goswami,6.5
Anna Salunke,6.7
Annapoorna,5.35
Annu Kapoor,4.425
Anoushka,6.4
Ansari,5.0
Anshu,6.3
Anshuman Jha,5.05
Antara Mali,6.0
Anubhav Dixit,7.5
Anubhuti Kashyap,6.6
Anuj Jain,6.0
Anuj Sachdeva,4.4
Anuj Saxena,4.9
Anuj Tyagi,7.9
Anumeha Singh,8.3
Anup Das,5.4
Anupam Bhattacharya,6.0
Anupam Kher,5.45
Anuraag,5.5
Anuradha Hasan,7.0
Anuradha Sawant,5.9
Anurag Arora,5.9
Anurag Jha,5.7
Anurag Kashyap,3.7
Anurita Jha,6.2
Anushka Sharma,6.675
Anushka Shetty,3.9
Anwar Ali,3.1
Anwari,7.3
Anya Anand,6.8
Apache Indian,5.1
Aparajita,4.58
Aparna,6.3
Aparshakti Khurana,6.3
Apoorva Arora,7.3
Aps Raghuvanshi,6.7
Arathi,7.1
Aravind Akash,7.3
Aravind Sen,6.9
Arbaaz Khan,3.8
Archana Joglekar,4.2
Arif Zakaria,7.699999999999999
Arjan Bajwa,6.4
Arjun,4.925
Arjun Bakshi,4.4
Arjun Chakrabarty,8.7
Arjun Chakraborty,6.9
Arjun Hingorani,6.4
Arjun Kapoor,5.616666666666667
Arjun Manhas,6.9
Arjun Mathur,6.35
Arjun Radhakrishnan,7.2
Arjun Rampal,5.347368421052631
Arjun Sarja,5.6
Armaan Jain,4.9
Arman Khan Achakzai,4.2
Arman Kohli,4.975
Armen Grayg,4.2
Arpita Singh,6.0
Arsh Bajwa,6.6
Arsh Sandhu,8.0
Arshad Khan,4.4
Arshad Warsi,5.061538461538461
Arti Rautela,6.4
Arun Bakshi,4.845454545454545
Arun Govil,5.4
Arun Mathur,3.55
Aruna,4.65
Aruna Irani,6.1000000000000005
Aruna Raje,6.633333333333333
Arunoday Singh,6.5
Arvind,7.5
Arvind Gadgil,5.7
Arvind Kasera,3.6
Arvind Singh,3.4
Arvind Singh Rajpoot,5.6
Arvind Swamy,5.1
Arvinder Bhatti,5.1
Arya,4.2
Arya Babbar,3.9
Arya Dave,7.4
Aryan Neeraaj Anand,4.5
Aryan Singh,5.9
Aryan Vaid,4.9
Aryeman Ramsay,3.0
Asad Shan,5.2
Aseem Ali Khan,3.9
Asha Bhosle,6.7
Asha Devi,8.2
Asha Parekh,6.677777777777778
Asha Sachdev,7.2
Ashim Kumar,5.45
Ashima Bhalla,3.7
Ashish Bisht,4.3
Ashish Kumar,8.1
Ashmit Patel,3.5
Ashok Chaudhary,7.6
Ashok Kumar,6.4368
Ashok Sharma,6.8
Ashok V. Bhushan,3.6
Ashraf Ali,6.6
Ashrita Agarwal,4.5
Ashutosh Gowariker,8.0
Ashutosh Rana,5.922222222222222
Ashwath Bhatt,8.1
Ashwin Dhar,5.9
Ashwini Bhave,5.3
Asif Basra,7.85
Asma,7.8
Aspar Husain,6.9
Asrani,5.102857142857142
Atif Jamil,3.5
Atif Rashid,7.7
Atma,8.1
Attin Bhalla,4.050000000000001
Atul Agnihotri,4.1
Atul Hanwat,7.0
Atul Kulkarni,5.8999999999999995
Atul Srivastava,5.1
Augustine,4.0
Auroshika Dey,2.7
Ava Mukherjee,6.2
Avalokita Dutt,6.6
Avani Rai,6.4
Avantika Akerkar,6.5
Avii,5.9
Avijit Dutt,2.5
Avinash Arun,7.0
Avinash Dhyani,5.1
Avinash Nanda,6.6
Avinash Tiwary,7.8
Avinash Wadhawan,4.828571428571429
Avtar Gill,4.2
Avtar Singh Ahluwalia,4.8
Ayaan Ahmad,3.6
Ayaz Ahmed,5.8
Aydah El-Kashef,8.1
Ayesha Jhulka,4.866666666666667
Ayesha Takia,5.8999999999999995
Ayub Khan,5.283333333333333
Ayub M. Khan,3.7
Ayush Upadhyay,7.9
Ayushmann Khurrana,7.057142857142857
Azaad Irani,5.4
Azghar,4.4
Aziz Naser,6.4
Azra,6.5
B. Marzban,7.1
B. Ramakrishnaiah Panthulu,7.0
B. Vittalacharya,4.7
B.K. Malhotra,2.7
B.K.S. Iyengar,6.7
Baba Sehgal,4.3
Babloo,3.8
Babu Antony,4.25
Babu Mohan,5.1
Babubhai Mistry,5.8
Baby Rani,6.7
Badriprasad,6.9
Baisul Islam Asad,6.2
Bal Gandharva,6.8
Balakrishnan Thevar,2.4
Baldev Khosa,5.933333333333334
Balraj Sahni,6.838888888888889
Bandana Basnett,7.9
Bandini Mishra,4.9
Barkha Madan,6.4
Barun Sobti,6.55
Basant Josalkar,7.2
Beena Banerjee,5.3875
Beena Bannerjee,6.4
Begum Para,7.45
Ben Kingsley,8.0
Benaf Dadachandji,7.9
Bengia Mala,7.9
Benny John,9.0
Bhagyashree,5.533333333333334
Bhalchandra Shukla,6.4
Bhankheri Devi,7.1
Bhanu,4.5
Bhanu Pratap Singh,6.0
Bhanumati,5.2
Bhanupriya,5.199999999999999
Bharat Balani,6.2
Bharat Bhushan,6.172222222222222
Bharat Chawla,8.8
Bharat Gopy,6.7
Bharath Srinivasan,2.8
Bharti Achrekar,5.1
Bhaskar Shetty,5.0
Bhaskarabatla Usha,5.7
Bhavana,4.6
Bhavana Singh Chauhan,5.7
Bhavesh Kumar,6.8
Bhavika T. Alaviye,3.5
Bhavita Anand,4.1
Bhavna Mali,6.0
Bhisham Kohli,4.3
Bhisham Sahni,7.1
Bhole Baba,7.3
Bhudo Advani,5.2
Bhumi Pednekar,3.8
Bhushan Agarwal,3.2
Bianca Desai,2.2
Bibbo,8.5
Bidita Bag,5.875
Bijay Anand,5.0
Bijoy Dey,7.5
Bijulal,4.7
Biman Bandopadhyay,6.5
Biman Bannerjee,5.9
Bimla Kumari,6.75
Bina,4.8
Bina Rai,6.166666666666667
Binayak Das,5.2
Bindiya Goswami,6.2
Bindu,5.128571428571428
Bindu Shukla,2.7
Bipasha,3.4
Bipasha Basu,4.155555555555555
Bipin Gupta,2.8
Birbal,5.133333333333334
Birendra Nath Tiwari,3.7
Bismillah Khan,8.1
Biswajit Chatterjee,6.3
Biswanath Bhaduri,5.7
Bob Christo,4.5
Bobby Bahal,6.9
Bobby Darling,9.2
Bobby Deol,4.788888888888889
Bobby Khan,3.8499999999999996
Bobby Kumar,6.8
Boman Irani,5.05
Bonnie Juneja,5.9
Brahm Bhardwaj,5.2
Brahmachari,5.8
Brian Dawson,4.9
Brijesh,2.5
Bryan Cranston,6.8
BuAli Shah,6.2
C. Arunpandian,5.6
C.S. Aasie,3.3
Cecilia,7.9
Chaitanya Bhosle,4.6
Chaman Lal Pahwa,6.9
Chamkara,6.6
Chand Mehta,5.2
Chandan Roy Sanyal,5.6
Chander Sharma,3.2
Chandgiram,5.3
Chandni,4.366666666666666
Chandra Mohan,6.3
Chandra Shekhar Dutta,6.3
Chandrachur Singh,5.125
Chandrashekhar,5.133333333333333
Chandrima Banerjee,4.4
Chandrima Bhaduri,5.3
Charan Raj,3.8
Charvi Dutta,8.1
Chetan Anand,7.9
Chetan Hansraj,8.5
Chetan Sharma,6.4
Chetanya Adeep,3.2
Chetanya Adib,4.8
Chethan,6.8
Chhabi Biswas,5.4
Chinmay Mandlekar,4.8
Chinnijayanth,6.3
Chirag Arora,8.9
Chirag Malhotra,5.9
Chirag Paswan,2.5
Chiranjeevi,6.328571428571428
Chitra,5.05
Chitrak Bandyopadhyay,6.2
Chitram Basha,5.85
Chitrangada Chakraborty,7.9
Cho Ramaswamy,4.4
Choudhury Mohammed Rafiq,6.5
Chris Bisson,5.6
Christopher Coelho,7.7
Chunky Panday,3.9499999999999997
Coca Cola,3.8
Coral Bhamra,6.3
Cuckoo,6.7
Cyli Khare,6.0
Cyrus Broacha,2.8
Dada Kondke,6.8
Daiana Menezes,5.8
Daisy Irani,6.0
Dakshita Patel,5.4
Daljeet,6.6
Daljit Ved,6.0
Danish Khan,4.1
Danish Raza,5.4
Danish Singh,6.9
Danny Denzongpa,7.35
Dara Singh,6.251851851851852
Darshan Kumaar,4.1
Darshan Thoogudeep,4.2
Darsheel Safary,4.0
Dasharth,7.1
David Abraham,6.875
Dayal Nihalani,7.1
Deb Mukherjee,6.3
Debapriyo Bagchi,4.8
Debashree Roy,5.8
Debu Bramha,5.9
Deep Dhillon,6.6
Deep Katdare,6.6
Deepa,4.0
Deepa Arora,7.8
Deepa Barot,6.3
Deepa Sahi,6.300000000000001
Deepak,4.933333333333334
Deepak Bahry,4.8
Deepak Bandhu,6.2
Deepak Bhatia,6.3
Deepak Chachra,7.8
Deepak Chandra,4.3
Deepak Deulkar,6.1
Deepak Dobriyal,5.64
Deepak Dutta,3.2
Deepak Kumar,5.85
Deepak Malhotra,6.3
Deepak Parashar,4.0
Deepak S. Shivdasani,4.7
Deepak Tijori,4.9
Deepika Amin,6.9
Deepika Chikhalia,5.4
Deepika Padukone,6.125
Deepraj Rana,3.5
Deepshikha Nagpal,4.7
Deepti Bhatnagar,3.6
Deepti Naval,6.216666666666666
Deeya Dey,7.4
Delhi Ganesh,4.6
Desh Mukherjee,3.9
Dev Anand,6.792307692307692
Dev Goel,3.0
Dev Kumar,6.08
Dev Patel,7.8
Dev Sharma,4.6
Devaki Singh,3.5
Devan,4.4
Devayani,4.699999999999999
Deven Bhojani,6.449999999999999
Devesh Ranjan,7.8
Devika Rani,6.528571428571428
Devyani Cm,5.1
Dhamini,5.6
Dhananjay Chauhan,4.3
Dhanush,6.433333333333334
Dharmendra,5.742537313432836
Dharmendra Ahir,9.4
Dharmendra Gohil,6.2
Dharmesh Yelande,4.4
Dheer Momaya,6.6
Dheeraj Kumar,4.0
Dheerendra Dwivedi,4.8
Dhiraj Verma,7.6
Dhirendra Thakur,8.2
Dhritiman Chatterjee,7.1
Dhruv Ganesh,5.8
Dhruva Padmakumar,8.1
Dhumal,7.3
Dhundiraj Govind Phalke,6.7
Dhwani Gautam,4.8
Dia Mirza,5.300000000000001
Diamond Akhtar,8.7
Diana Penty,6.5
Diane Allemon,6.3
Dibakar Banerjee,5.8
Dibyendu Bhattacharya,5.6
Diganth,3.8
Dilawar,2.5
Dilip Arya,7.3
Dilip Dhawan,6.9
Dilip Dutt,6.5
Dilip Kumar,7.002777777777777
Dilip Mestry,6.2
Dilip Tadeshwar,5.3
Diljit Dosanjh,5.85
Dilshad Patel,7.0
Dimple Kapadia,4.975
Dinero Ash,8.2
Dinesh Hingoo,5.1
Dino Morea,4.142857142857143
Dinyar Contractor,5.6
Dipankar Dey,7.3
Dipannita Sharma,6.8
Dipendra Acharya,6.4
Disha Yadav,7.8
Dishank Arora,4.3
Diveyaa Dwivedi,6.5
Divya Bharti,5.1
Divya Dutta,5.6000000000000005
Divyank Sharma,3.4
Divyendu Sharma,6.25
Dixit,6.8
Doddanna,6.7
Dolly,6.15
Dolly Ahluwalia,6.2
Dolly Bindra,4.7
Dulquer Salmaan,7.7
Durba Sahay,6.1
Durga Khote,6.68
Dwij Yadav,6.0
Eddie Billimoria,7.0
Ehan Bhat,7.4
Ejaz Ahmed,5.5
Ekaansh Bhaardwaaj,3.6
Ekavali Khanna,6.6
Elisha Kriis,6.7
Emma Dean,7.0
Emraan Hashmi,5.423076923076923
Esmayeel Shroff,6.1
Fahad Mustafa,7.8
Faisal Khan,5.1
Faith,4.0
Faiza Ahmad Khan,6.5
Faraaz Khan,4.05
Fardeen Khan,4.311111111111111
Farhad Ahmed Dehlvi,8.6
Farhad Samji,4.75
Farhan Akhtar,6.328571428571428
Farid Amiri,2.7
Farida Jalal,7.7
Fariduddin Dagar,7.8
Farooq Shaikh,6.446153846153846
Farrah Kader,8.4
Farrukh Seyer,6.6
Faruque Azam,3.0
Fearless Nadia,5.75
Felix Roeben,8.0
Ferdous Ahmed,5.199999999999999
Feroz Khan,5.903333333333333
Filippo Gastaldi,7.2
Firoz Ali,5.0
Firoz Irani,4.5
Frank M. Ahearn,4.8
Freida Pinto,6.0
Freny Bhagat,4.2
G. Laya,5.5
Gael García Bernal,5.4
Gajanan Jagirdar,6.666666666666667
Gajendra Chauhan,4.15
Ganesh Acharya,3.8000000000000003
Garima Agarwal,5.7
Garrick Chaudhary,7.0
Gaspard Kuentz,6.2
Gaurav Ajay Kaura,4.7
Gaurav Chopra,5.1
Gaurav Chowdhary,7.5
Gaurav Gupta,7.5
Gaurav Kapoor,3.5
Gautam Gupta,2.7
Gautami,5.3
Gautami Kapoor,7.0
Gavie Chahal,3.8
Gayatri Bahl,5.7
Geeta Agrawal,7.3
Geeta Bali,5.916666666666667
Geeta Behl,7.0
Geetanjali Thapa,7.2
Geetika Vidya Ohlyan,7.2
Gehana Vasisth,8.3
Gemini Ganesan,6.1
Gemma Atkinson,5.9
Genelia D'Souza,5.4
Gennadiy Vasilev,5.3
Ghori,6.0
Ghulam Ali,8.9
Gillian Anderson,6.9
Giovanna Mezzogiorno,6.3
Giri Babu,6.0
Girish Karnad,6.8999999999999995
Girish Nair,6.7
Girish Taurani,4.5
Gita Adhikari,7.1
Gitanjali,6.4
Glen Barreto,2.7
Golshifteh Farahani,5.9
Gope,7.4
Gopi Bhalla,4.8
Gopi Krishna,6.5
Gorka Vázquez,3.1
Goundamani,4.2
Gouri Ash,6.8
Govinda,4.78
Govindrao Tembe,5.8
Gracy Singh,4.7
Gul Panag,4.5
Gullu Dada,6.949999999999999
Gulshan Arora,4.2
Gulshan Devaiah,6.333333333333333
Gulshan Grover,5.05
Gulzar,7.0
Gurdeep Singh,6.9
Gurmeet Choudhary,3.966666666666667
Gurmeet Ram Rahim Singh,6.066666666666666
Gurpreet Kaur Chadha,6.1
Guru Dutt,6.8999999999999995
Gyan Shivpuri,4.8
Gyanesh Mukherjee,7.6
Habeeb Aidroos,5.3
Habib,5.6
Habib Al Aidroos,6.8
Hadi,6.1
Hamid Farokhnezhad,2.6
Hannah Spearritt,5.6
Hansika Motwani,4.4
Haradhan Bannerjee,7.2
Harbans Darshan M. Arora,5.1
Hardan,7.0
Hardik Kapadia,7.3
Harish,7.1
Harish Kotian,3.5
Harish Raj,7.7
Harisree Asokan,3.2
Harkiran Kaur Wraich,8.7
Harman Baweja,4.959999999999999
Harnam Singh Rawail,5.7
Harsh Dubey,5.4
Harshvardhan Deo,4.9
Harshvardhan Kapoor,6.1
Hazel Croney,4.2
Heeba Shah,6.0
Helen,5.65
Helen Mirren,7.3
Hema Bisht,8.2
Hema Malini,5.79375
Hemant Birje,4.164285714285714
Hemant Gopal,4.5
Hemant Pandey,6.8
Hemen Barman,7.2
Hemu Adhikari,6.4
Heramb Tripathi,4.6
Hercules,7.15
Himani Attri,5.7
Himansh Kohli,3.8000000000000003
Himanshu,4.8
Himanshu Bhatt,6.1
Himanshu Kohli,6.0
Himanshu Malik,3.65
Himesh Reshammiya,2.8285714285714287
Hina Khan,4.3
Hiralal,5.8
Hiten Tejwani,8.6
Honey Irani,5.9
Hrishikesh Mukherjee,5.8
Hrishitaa Bhatt,4.733333333333333
Hrithik Roshan,6.29
Hugh Bonneville,6.7
Husn Banu,3.2
Hussain Dalal,5.7
Hussain Kuwajerwala,6.3
Hyder Ali,4.8
I.S. Johar,6.56
Iftekhar,5.0
Ila Arun,4.95
Imaaduddin Shah,7.0
Imran Abbas,5.0
Imran Ahmed Khan,5.3
Imran Khan,5.966666666666666
Imran Rasheed,6.8
Imtiaz Khan,4.6
Inaamulhaq,7.2
Inder Kumar,5.2
Indira Bansal,5.2
Indra Kumar,3.3
Indrajith Sukumaran,5.2
Indrani Banerjee,6.0
Indrapal Ahuja,5.9
Ira Dubey,3.7
Irrfan Khan,7.144444444444444
Isabella Rinaldi,6.8
Isaiah,4.1
Isha Bebarta,6.9
Isha Koppikar,4.666666666666667
Ishaan Khattar,4.65
Ishan Jacob,9.4
Ishita Arun,3.9
Ishrat Ali,4.666666666666667
Ishteyak Arif,5.8
Ishwar Singh,4.7
Ishwarlal,4.0
Iti Acharya,6.1
J. Sreeniwas Rao,4.5
J.D. Chakravarthi,5.1
J.S. Randhawa,5.7
Jack Gaud,3.6
Jackie Shroff,5.123636363636364
Jackky Bhagnani,4.9799999999999995
Jacqueline Fernandez,4.65
Jaddanbai,6.8
Jagapathi Babu,6.15
Jagdeep,4.449999999999999
Jahan Bloch,4.6
Jahangir Khan,7.2
Jai Ganesh,6.6
Jai Kalra,3.4
Jaideep Ahlawat,5.5
Jairaj,7.6
Jaishankar,3.7
Jalal Agha,5.65
Jamuna,4.65
Jana Sue Memel,4.3
Janhvi Kapoor,4.9
Jannat Shekhawat,6.7
Jason Lewis,4.7
Jaspinder Cheema,6.7
Jass Bhatia,6.0
Jasti Hemambar,5.65
Jatin Goswami,6.3
Jatin Grewal,3.966666666666667
Jatin Khurana,4.6
Javed Abdi,3.6
Javed Abedi,6.3
Javed Jaffrey,5.699999999999999
Javed Khan,5.425
Jay Bhanushali,4.4
Jay Mehta,5.85
Jay Solanki,8.3
Jaya Bachchan,5.8100000000000005
Jayalalitha J,7.1
Jayam Ravi,5.4
Jayamalini,5.449999999999999
Jayant Gadekar,6.0
Jayant Kripalani,7.1
Jayanta Mukherjee,5.3
Jayanthi,5.3
Jayaram,4.2
Jayasudha,7.5
Jayesh Raj,5.1
Jaymala Adarsh,5.85
Jayprakkash Shaw,3.9
Jayshree Arora,2.0
Jayshree Gadkar,6.699999999999999
Jaz Pandher,4.7
Jeet,6.300000000000001
Jeetendra,5.300714285714286
Jeevan,6.566666666666666
Jeff Zimbalist,6.1
Jennifer Kendal,7.5
Jesse Metcalfe,6.2
Jessica Sadana,6.6
Jigna Bharadhwaj,6.1
Jigna Bhardwaj,5.8999999999999995
Jiiva,3.5
Jillo,5.9
Jim Sarbh,7.5
Jimmy Sharma,6.5
Jimmy Sheirgill,5.356
Jisshu Sengupta,7.6
Jitendra Kumar,7.0
Jitendra Rai,4.8
Jitendra Tiwari,5.7
Joginder Shelly,4.7
John Abraham,6.21304347826087
John Cawas,3.4
Johnny Baweja,3.1
Johnny Walker,5.050000000000001
Johny Bakshi,3.1
Joseph Vijay,4.720000000000001
Josh Hartnett,4.6
Joshina,3.7
Joy Mukherjee,5.925
Joyita Das,4.2
Judi Dench,6.6
Jugal Hansraj,5.050000000000001
Juhaina Ahsan,6.7
Juhi Babbar,4.15
Juhi Chawla,5.5
Julia Datt,3.1
Julian Sands,7.6
Junior Govinda,3.8
Jyoti,4.0
Jyoti Bakshi,5.9
Jyoti Chandekar,6.9
Jyoti Swaroop,6.4
Jyotika,6.7
K. Gauri,2.6
K. Prasad,6.033333333333334
K. Raghavendra Rao,6.7
K. Vijayan,6.9
K. Yogi,4.9
K.K. Goswami,2.6
K.K. Raina,7.6
K.L. Saigal,6.779999999999999
K.S. Ashwath,8.8
Kabina Maharjan,7.0
Kabir Bedi,6.8
Kader Kashmiri,5.8
Kader Khan,4.2
Kaifi Azmi,7.0
Kainaat Arora,5.2
Kainaz Motivala,4.9
Kajal Aggarwal,5.6
Kajol,5.614285714285714
Kalabhavan Mani,6.2
Kalki Koechlin,7.075
Kaluram Dhobale,6.3
Kamal Adib,5.4
Kamal Haasan,6.647222222222222
Kamal Master,6.3
Kamal Mehra,5.8
Kamal Rashid Khan,1.4
Kamal Sadanah,4.85
Kamalakar Torne,5.5
Kamalika Chanda,5.300000000000001
Kamini Kaushal,6.8500000000000005
Kamlabai Gokhale,7.6
Kanak Mukherjee,6.2
Kanak Pandey,6.0
Kanan Devi,5.666666666666667
Kanan Kaushal,6.5
Kanchan Adhikari,6.5
Kanchan Awasthi,5.05
Kangana Ranaut,5.958333333333333
Kanhaiya,5.7
Kanika Batra,7.05
Kanika Verma,7.0
Kannan Arunachalam,5.4
Kannanunni,9.0
Kanwaljit Singh,6.5
Kapil Arya,2.7
Kapil Jhaveri,4.5
Kapil Karzan,4.1
Kapil Sharma,4.4
Karamaveer Chaudhary,7.0
Karamveer Choudhary,8.2
Karan,8.1
Karan Arora,7.4
Karan Deol,4.6
Karan Dewan,6.5
Karan Kundra,4.2
Karan Oberoi,7.8
Karan Razdan,4.9
Karan Shah,5.6
Karan Sharma,6.949999999999999
Karan Singh Grover,6.9
Karann Nathh,5.866666666666667
Karanveer,9.1
Karanvir Bohra,3.8000000000000003
Kareena Kapoor,5.088888888888889
Karim Hajee,5.9
Karisma Kapoor,4.1571428571428575
Karthik,5.8
Kartik Aaryan,6.377777777777777
Kartik Elangovan,5.6
Karwarkar Bhavika,6.8
Kasam Ali,5.15
Kashmira Irani,7.5
Kashmira Shah,4.75
Kashyap Barbhaya,4.2
Kavin Dave,6.0
Kavita Kapoor,4.8
Kavita Tripathi,6.8
Kavitha,4.9
Kawal Sharma,3.0
Kay Kay Menon,6.652941176470588
Kayoze Irani,6.7
Kedar Kapoor,6.1
Keshto Iqbal,4.0
Ketan Anand,6.2
Ketki Dave,3.1
Kev Clinsc,5.3
Kewal Singh,4.8
Khalil,5.3
Khausal Bharti,5.9
Kiara Advani,4.2
Kilam Amit,8.9
Kimi Katkar,4.6
Kingi,2.9
Kiran Bedi,7.6
Kiran Janjani,3.05
Kiran Kumar,4.7375
Kireet Khurana,8.8
Kiren Jogi,3.5
Kirron Kher,5.733333333333333
Kirshan Kumar,2.3
Kirsty Averton,8.2
Kirti Adarkar,8.3
Kirti Azad,7.5
Kirti Kulhari,6.0
Kirti Singh,3.85
Kishan Shrikanth,7.2
Kishore Anand Bhanushali,3.6166666666666667
Kishore Kumar,6.62051282051282
Kishore Kumar G.,6.9
Kishore Sahu,6.3
Kishori Ambiye,6.4
Kitu Gidwani,6.0
Kollam Ajith,4.5
Komal Singh,5.4
Konkona Sen Sharma,6.385714285714286
Kookie Gulati,6.8
Kranti Prakash Jha,6.7
Krishan Kumar,4.825
Krishna,4.4
Krishna A.R.,4.050000000000001
Krishna Abhishek,4.55
Krishna Chaturvedi,4.0
Krishna Ghattamaneni,5.3
Krishna Mohan Chintapatla,5.5
Krishnakant Dalvi,7.9
Krishnamraju,6.3
Krishnendu Adhikari,5.4
Kristin Kreuk,3.7
Kritika Sachdeva,8.9
Krrish Chhabria,7.9
Kshitij Sharma,5.45
Kulbhushan Kharbanda,6.4
Kuldeep Bhagi,6.3
Kuldeep Patil,6.6
Kuldeep Ruhil,9.1
Kuljit Pal,6.3
Kumaar Aadarsh,4.85
Kumar Bhatia,5.5
Kumar Ganesh,6.7
Kumar Gaurav,5.41
Kumar Neeraj,6.0
Kumari Naaz,7.0
Kumkum,6.0
Kumud Mishra,8.0
Kunaal Roy Kapur,5.366666666666667
Kunal Bhange,7.3
Kunal Goswami,5.2
Kunal Kapoor,6.314285714285715
Kunal Khemu,6.36
Kunal Kohli,5.4
Kunal Nayyar,8.0
Kunj Anand,9.3
Kuntaa Nikkil,7.199999999999999
Kushagra Anand,3.6
Laboni Sarkar,5.3
Lakshmi,6.1
Lakshmi Kanta,6.7
Lalit Parimoo,5.6
Lalita Pawar,7.4
Lalu Ram,8.0
Lara Dutta,5.9
Lata Arora,5.3
Latif Faiziyev,6.1
Latika,7.4
Lauren Spartano,7.9
Laxmi Chhaya,6.2
Laxmikant Berde,5.133333333333333
Leela Chitnis,6.699999999999999
Leela Desai,6.45
Leela Naidu,7.0
Leena Chandavarkar,5.566666666666666
Leena Das,4.7
Leeza Mangaldas,6.6
Leila Advani,9.3
Lekha Pande,3.1
Lewis Tan,5.7
Lillete Dubey,5.525
Linda Arsenio,4.8
Linnet Mushran,8.5
Lisa Ann Walter,7.7
Lisa Ray,7.7
Liyaqat Bari,7.0
Lorena Franco,4.5
Lucky Ali,5.45
Lucky Kohli,1.9
Lukram Smil,5.5
Luv Sinha,6.4
Lydian Nadhaswaram,8.2
Lynn Collins,6.0
M. Ismail,7.0
M. Madhusudhana Rao,5.8
M. Maroof,6.4
M. Parvez,5.7
M.K. Radha,7.0
M.S. Subbalakshmi,7.7
Ma Anand Sheela,4.1
Madan Jain,8.0
Madhav Kale,8.0
Madhavan,6.883333333333333
Madhavi,5.6
Madhu Acharya,4.3
Madhu Apte,5.9
Madhu Chakravarty,7.2
Madhu Kapoor,6.7
Madhu Roy,4.0
Madhubala,6.995454545454546
Madhura Velankar,7.0
Madhuri Dixit,5.890909090909091
Mahek Chahal,3.35
Mahendra Sandhu,6.208333333333333
Mahesh Anand,5.125
Mahesh Babu,6.5
Mahesh Jilowa,7.9
Mahesh Manjrekar,6.4
Mahesh Vettiyar,7.6
Mahima Chaudhry,4.566666666666666
Mahipal,6.333333333333333
Mahmood Farooqui,7.4
Mahrukh Mirza,5.525
Makarand Anaspure,7.3
Makrand Deshpande,5.45
Mala Sinha,6.2807692307692315
Malaika Arora,4.75
Mallika Nayyar,4.5
Mallika Sherawat,3.5200000000000005
Mamhoud Chokrollahi,6.0
Mammootty,6.116666666666667
Mamta Bhatia,6.4
Mamta Kulkarni,5.18
Manager Cheena,5.55
Manas Das,5.7
Manav Gohil,5.6
Manav Kaul,6.2
Manav Sohal,5.5
Mandakini Goswami,7.5
Mandar Jadhav,6.3
Mandeep,3.6
Mandira Bedi,4.6
Mandy Takhar,6.3
Manek Bedi,3.2
Mangal Dhillon,6.6
Mangesh Desai,6.7
Manher Desai,6.5
Mani Kaul,6.7
Manik Bedi,6.0
Manik Irani,2.8
Manish Anand,4.1
Manish Bhavan,8.3
Manish Chaudhary,3.7
Manish Gupta,5.4
Manish Mathur,4.8
Manish Paul,3.6
Manisha Chauhan,6.4
Manisha Kelkar,5.9
Manisha Koirala,4.88
Manit Joura,7.1
Manju Bhatia,3.6
Manjula,7.9
Manmohan Sabir,4.15
Mann Bagga,6.4
Mannara Chopra,4.4
Manohar Mahajan,6.4
Manohar Singh,7.2
Manoj Amarnani,5.4
Manoj Bajpayee,6.537931034482758
Manoj Bakshi,6.9
Manoj Bidwai,4.05
Manoj Chandila,7.1
Manoj Chandra,2.8
Manoj Joshi,7.2
Manoj Kumar,5.913636363636363
Manoj Pahwa,7.6
Manoj Punj,5.5
Mansinghms,7.3
Mansoor Ali Khan,7.0
Mantosh Kumar,6.4
Manu,3.3
Manu Gargi,4.3
Manu Rishi Chadha,5.6
Marc Zuber,6.5
Marilia Colturato,4.8
Mark Ellam,7.4
Mark Rylance,6.4
Martin Henderson,6.2
Martin Sheen,7.2
Mashaal Durrani,6.4
Mashhoor Amrohi,3.5
Masood Akhtar,5.05
Masoom Shankar,6.8
Massod Ali,6.2
Mast Ali,6.6
Mastan Alibhai Burmawalla,5.777777777777778
Master Akash,4.6
Master Altaf,4.5
Master Amit,5.4
Master Baboo,7.0
Master Bhagwan,5.3125
Master Bunty,5.1
Master Makrand Bapat,6.4
Master Romi,7.15
Master Shams,7.9
Master Shankar,6.4
Master Vithal,5.5
Masti Ali,6.8
Maya Alagh,5.6
Maya Banerjee,6.0
Maya Basu,6.7
Maya Dass,6.8
Maya Sharma,5.8
Mayank Agarwal,5.2
Mazhar Khan,7.2
Md. Faiz Alam,7.8
Meena,6.1
Meena Kumari,6.738461538461538
Meena Shorey,6.9
Meenakshi Dixit,3.9
Meenakshi Sheshadri,6.3
Meenu Hooda,6.6
Meenu Kawatra,8.5
Meera,3.1999999999999997
Meera Joshi,5.7
Meeraj Shah,4.8
Meezaan Jafri,6.0
Megastar Maharishi Aazaad,5.7
Meghan Jadhav,6.1
Meghna Desai,1.7
Meghna Erande,5.7
Mehernosh Kapadia,6.1
Mehmood,6.478571428571429
Mehreen Pirzada,5.5
Mehtab,6.25
Mehul Adwani,6.0
Meka Srikanth,6.4
Menekka Arora,7.0
Mia Malkova,2.0
Mikaal,5.8
Milind Gunaji,6.1000000000000005
Milind Soman,5.5200000000000005
Milind Ukey,7.6
Mimoh Chakraborty,4.64
Mirza,7.3
Mishti,4.2
Mita Vashisht,7.5
Mithilesh Chaturvedi,7.7
Mithun Chakraborty,5.303846153846154
Mohamed Abdullah,5.8
Mohammad Amir Naji,6.4
Mohammad Asif,3.3
Mohammad Chacha,8.2
Mohammad Reza Golzar,3.8
Mohan Agashe,6.6375
Mohan Azaad,3.5
Mohan Babu,8.200000000000001
Mohan Choti,7.766666666666667
Mohan Gokhale,6.35
Mohan Kapur,6.5
Mohanlal,6.55
Mohd. Zeeshan Ayyub,5.4
Mohinder Gujral,5.8
Mohini,4.6
Mohit Ahlawat,3.8
Mohit Das,6.1
Mohit Madaan,5.2
Mohit Sehgal,6.9
Mohnish Bahl,4.959999999999999
Moin Khan,7.2
Mona Ambegaonkar,4.85
Monali Thakur,7.9
Monica Bedi,5.800000000000001
Monica Castelino,5.2
Monica Desai,8.1
Monica Dogra,5.7
Moon Moon Sen,5.0
Motilal,6.94
Mouli Ganguly,6.2
Moulina Midde,8.1
Moumita Goswami,7.8
Mouni Roy,6.4
Moushumi Chatterjee,7.6
Mrinalini Chatterjee,6.1
Mrinmayee Godbole,6.2
Ms. Jordiya Anna,3.2
Mugdha Chaphekar,7.2
Mugdha Godse,4.45
Mukesh Agrohari,4.2
Mukesh Ahuja,6.8
Mukesh Asopa,2.7
Mukesh Choudhary,3.7
Mukesh J Bharti,2.8
Mukesh Khanna,4.8
Mukesh Rishi,6.0
Mukesh S. Bhatt,5.833333333333333
Mukhtar Begum,6.4
Mukta Barve,6.2
Mukul Dutt,4.8
Mukund Krishna Kumar Nair,6.1
Mumait Khan,4.3
Mumtaz,6.069999999999999
Mumtaz Ahmed,7.3
Mumtaz Begum,6.55
Mumtaz Shanti,6.25
Munawwar Sultana,6.2
Munesh Nehra,5.8
Munish Khan,7.5
Muntazir Ahmad,5.807142857142857
Murad Ali,6.7
Murali Mohan,8.0
Murli Sharma,3.8
Musta Ali,6.8
Mutyala Subbaiah,6.6
Muzahid Khan,7.9
Muzamil Ibrahim,5.0
Mymoona Al Baluchi,4.3
N.T. Rama Rao,7.614285714285714
N.T. Rama Rao Jr.,6.8
Nabeel Ahmed,6.2
Nachiket Patwardhan,7.35
Nafisa Ali,6.0
Nagarjuna Akkineni,5.944444444444445
Nagesh,5.5
Nagesh Kukunoor,7.2
Nagma,8.4
Naina Ganguly,8.5
Nakul Kapoor,4.6
Nalini Jaywant,5.933333333333334
Nalini Tarkhad,3.5999999999999996
Naman Bhati,8.5
Naman Jain,5.5
Namit Das,7.7
Nana Patekar,6.3100000000000005
Nanda,6.3125
Nandamuri Balakrishna,6.044444444444444
Nandita Aras,7.6
Nandita Das,6.542857142857143
Nani,6.9
Narayan Singh Sisodia,5.0
Narendra Bedi,4.5
Narendra Jha,5.6
Naresh Kaura,3.3
Naresh Sharma,7.3
Nargis,7.34074074074074
Nargis Bagheri,5.35
Narottam Bain,8.8
Narsimha Rao,6.8
Naseem Banu,6.4
Naseeruddin Shah,6.025531914893617
Nasir Khan,5.8999999999999995
Nassar,5.65
Nassar Abdulla,5.166666666666667
Natalia Janoszek,5.3
Natalie DP,6.6
Nataneya Singh,4.8
Natasha Majhi,5.3
Natiker,6.6
Natty Kumar,3.9
Nauheed Cyrusi,5.0
Naushaad Abbas,3.8
Naved Aslam,6.7
Naveed Akhtar,6.2
Naveen Andrews,6.5
Naveen Bawa,2.4
Naveen Kasturia,7.1
Naveen Krishna,8.4
Navi Bhangu,4.7
Navin Berry,4.2
Navin Nischol,6.34
Navjot Hansra,7.0
Navya Nair,5.8
Nawazuddin Siddiqui,6.4
Nayantara,4.1
Nazia Hussain,5.5
Nazima,7.0
Nazneen,4.7
Nazneen Bhatia,6.2
Neel Bakshi,6.9
Neel Deshmukh,5.8
Neelam,5.5
Neelam Deysarkar,3.1
Neelam Kothari,3.1
Neelima Azim,6.5
Neena Gupta,5.8999999999999995
Neenu Babu,5.5
Neera,6.1
Neha Ahuja,2.6
Neha Chauhan,6.8
Neha Dhupia,4.266666666666667
Neha Dubey,6.1
Neha Joshi,7.8
Neil Bhoopalam,6.3
Neil Nitin Mukesh,4.779999999999999
Nicolos Kostopoulos,7.6
Nidhi Sunil,5.0
Nigar Sultana,6.066666666666666
Niharica Raizada,4.1
Nikhil Dwivedi,4.75
Nikita Anand,4.0
Nikita Sharma,8.0
Nilamadhab Panda,7.733333333333333
Nilanjana Bhattacharya,7.4
Nilesh Maniyar,7.2
Nimmi,6.36
Niranjan Sharma,8.7
Nirmal Pandey,7.2
Nirupa Roy,6.335714285714286
Nisar Ahmad Ansari,6.35
Nishan Nanaiah,6.5
Nishant Malkani,3.7
Nishant Rai,7.0
Nishat Mallick,3.3
Nishi Neha Mishra,9.4
Nishikant Dixit,5.8
Nishikant Kamat,2.3
Nissar,5.7
Nitesh Shrivastava,7.5
Nitesh Tiwari,7.5
Nithiin,4.4799999999999995
Nithya Menen,8.3
Nitika Sharma,2.9
Nitin Bhardwaj,5.0
Nitin Bhatia,7.2
Nitin Goel,6.3
Nitin Sethi,6.6
Nitish Bharadwaj,7.25
Nivedita Bhattacharya,6.0
Nivedita Chandel,6.6
Nivin Pauly,7.5
Noor Jehan,6.35
Noor Mohammad Charlie,6.9
Nora Fatehi,5.5
Nushrat Bharucha,6.85
Nutan,6.38
Nyra Banerjee,7.6
O.P. Ralhan,7.1
Om Prakash,6.6
Om Puri,6.381818181818182
Omar Abdullah,6.8
Omkar Bhatkar,6.9
Omkar Das Manikpuri,5.533333333333334
Omkar Kapoor,6.6
Onjolee Nair,4.3
Op Rai,6.4
Owen Wilson,5.65
P.L. Santoshi,6.6
P.P. Bajaj,9.1
Padma Khanna,5.0
Padmadevi,6.3
Padmini,4.6
Padmini Kolhapure,4.2
Pahadi Sanyal,7.5
Paidi Jairaj,5.7125
Pakhi Hegde,7.6
Pakija Begam,6.8
Pankaj Berry,5.779999999999999
Pankaj Dheer,5.0
Pankaj Kapur,7.171428571428572
Pankaj Purohit,7.6
Pankaj Tripathi,5.75
Paoli Dam,5.550000000000001
Pappu Verma,4.6
Parag Ajgaonkar,5.9
Parambrata Chattopadhyay,5.6
Paresh Bannerjee,7.4
Paresh Rawal,6.681818181818182
Parikshit Sahni,6.55
Parineeti Chopra,4.25
Parshwanath Yeshwant Altekar,8.3
Parth Singh Chauhan,5.8
Partho A. Gupte,7.8
Partho Ghosh,5.1
Parvathy Omanakuttan,3.9
Parveen Babi,6.75
Parveen Kaur,6.8
Parvin Dabas,4.85
Parzaan Dastur,6.4
Patralekhaa Paul,5.699999999999999
Pavan Buragohain,6.8
Pawan Kalyan,5.9
Pawan Kumar Sharma,4.9
Pawan Malhotra,7.266666666666667
Pawan Rajput,5.6
Pawan Waval,8.6
Payal Rohatgi,3.5
Perena Agarwal,5.6
Perthvi Jutsi,8.6
Peter Pedrero,4.8
Pierce Brosnan,6.1
Pilla Srinivas,4.5
Piyush Wankhede,4.7
Pomy Dev,4.8
Ponnambalam,7.8
Pooja Bhatt,5.15
Pooja Bisht,4.8
Pooja Kumar,8.1
Poonam Agarwal,7.0
Poonam Bajwa,3.4
Poonam Dhillon,4.6000000000000005
Poonam Pandey,3.2
Poornima Jayaram,6.1
Prabhakar,8.4
Prabhas,3.3
Prabhu,6.5
Prabhu Deva,5.32
Prachi Save,7.1
Pradeep Kumar,6.011538461538462
Pradeep Pandey,5.1
Pradeep Rangwani,3.9
Prajakt Rebeloma,7.3
Prakash Bare,6.65
Prakash Belawadi,6.8
Prakash Deshmukh,8.0
Prakash Mehra,6.7
Prakash Raj,4.1
Pramod Anand,4.7
Pramod Goswami,6.2
Pramod Moutho,2.9
Pran,6.0200000000000005
Pranavanand,6.3
Prasenjit Chatterjee,6.966666666666666
Prashant Barot,5.5
Prashant Chaubey,9.3
Prashant Chianani,4.6
Prashant Damle,6.4
Prashant Narayanan,4.05
Prashant Pandey,7.8
Prashanth,5.333333333333333
Prashantt Guptha,4.85
Pratap Chandra,5.5
Prateek Gupta,8.4
Prateek Pachauri,6.8
Prateik,5.42
Pratim D. Gupta,5.2
Pratima V. Kulkarni,5.8
Pratyush Sharma,8.2
Prayag Raj,6.5
Preeti Ganguli,6.7
Preeti Jhangiani,7.8
Preeti Soni,2.4
Preetika Chauhan,8.6
Preity Zinta,6.1
Prem Adib,6.5
Prem Bedi,5.4
Prem Chopra,3.3
Prem Datta,5.4
Prem Nath,6.077777777777778
Prem Nazir,6.4
Prerika Arora,5.1
Prince Adhikari,5.4
Prince Shah,6.8
Prince Singh,8.4
Prit Kamani,5.75
Pritam Arjun,7.3
Prithvi,4.3
Prithviraj Kapoor,6.56923076923077
Prithviraj Sukumaran,6.7
Priya Annatram,6.8
Priya Gamre,6.7
Priya Rao,3.8
Priyadarshini,6.5
Priyamvada Narayanan,7.2
Priyanka Agarwal,8.1
Priyanka Arya,5.55
Priyanka Bose,5.550000000000001
Priyanka Chopra Jonas,5.8999999999999995
Priyanshu Chatterjee,6.0375
Puja Jha,7.2
Pulkit Samrat,4.633333333333334
Puneet Issar,4.5
Puneet Singh Ratn,5.9
Purab Kohli,5.5
Puru Chibber,7.4
Puru Rajkumar,4.5
Pushpa Hans,5.4
Pushpraj Gunjan,7.0
R. Kannan,4.9
R. Kumar,3.8
Raaj Kumar,5.725925925925925
Raam Shetty,5.4
Rachita Bhattacharya,5.8
Radha Saluja,7.3
Radhika Apte,6.0
Rafiq Anwar,6.8
Ragesh Asthana,5.449999999999999
Raghav Rishi,7.1
Raghu Babu,6.9
Raghuvaran,5.0
Raghuvir Yadav,6.685714285714285
Raghvendra Singh,7.0
Ragini,5.25
Rahul Bagga,5.16
Rahul Bairagi,6.4
Rahul Bhatt,7.65
Rahul Bose,5.814285714285715
Rahul Dev,6.471428571428571
Rahul Dholakia,5.9
Rahul Jaiswal,5.0
Rahul Khanna,5.2
Rahul Pendkalkar,4.4
Rahul Ranjan,7.3
Rahul Rawail,6.5
Rahul Roy,5.3500000000000005
Rahul Singh,6.1
Rahul Thulasiram,4.5
Rahul V. Chittella,6.6
Rahuul Aamath,6.8
Raima Sen,6.0
Raj Agnihotri,8.0
Raj Arjun,6.8
Raj Babbar,5.532500000000001
Raj Ballav Koirala,6.8
Raj Banerjee,9.7
Raj Kapoor,6.876470588235295
Raj Kiran,5.76
Raj Nidimoru,6.56
Raj Singh Arora,5.4
Raj Singh Chaudhary,6.65
Raj Singh Jhinger,7.2
Raj Tara,4.6
Raj Vasudeva,4.6
Raja,3.2
Raja Bherwani,5.8
Rajan Deo,6.9
Rajan P. Dev,4.5
Rajan Sippy,5.15
Rajan Verma,4.8
Rajasekhar,5.25
Rajat Bakshi,3.3
Rajat Barmecha,8.1
Rajat Bedi,5.25
Rajat Kapoor,7.0
Rajbeer Singh,5.4
Rajeev,6.3
Rajeev Dassani,4.7
Rajeev Kanakala,4.9
Rajeev Khandelwal,5.914285714285714
Rajendra Gupta,5.3
Rajendra Kumar,6.388571428571429
Rajendra Prasad,6.199999999999999
Rajendranath Malhotra,5.4
Rajesh Bakshi,3.3
Rajesh Bhardwaj,5.3
Rajesh Desai,8.2
Rajesh Jolly,6.9
Rajesh Khanna,6.376271186440678
Rajesh Khera,5.6
Rajesh Malik,6.0
Rajesh Mittal,5.35
Rajesh Seth,6.6
Rajesh Sethi,4.6
Rajesh Tailang,7.3
Rajeshwari Sachdev,7.4
Rajinder Verma,6.3
Rajinikanth,5.978571428571429
Rajit Kapoor,6.616666666666667
Rajith Menon,5.8
Rajiv Kapoor,5.2
Rajkumar,8.1
Rajkumar Bedi,6.6
Rajkumari,5.050000000000001
Rajkummar Rao,7.027272727272727
Rajni Bala,6.8
Rajni Katiyar,7.6
Rajniesh Duggall,5.12
Rajpal Yadav,5.555555555555555
Rajshree,5.05
Raju Kumar,7.2
Raju Mavani,4.1
Raju Singh,6.9
Rajveer Ankur Singh,8.3
Rajvirr Singh,6.2
Rajvvir Aroraa,7.3
Rakesh,2.4
Rakesh Bedi,4.926666666666667
Rakesh Khanna,6.35
Rakesh Pandey,7.3
Rakesh Roshan,5.691666666666666
Rakhee Gulzar,6.007142857142857
Raksha Mistry,4.3
Ram Asra,4.0
Ram Awana,6.1
Ram Charan,3.2
Ram Gopal Varma,5.9
Ram Kapoor,3.35
Ram Kumar,6.6
Ram Pothineni,5.2
Ram Singh,7.9
Raman Atre,6.6
Raman Trikha,2.6
Ramanjit Juneja,3.3
Ramesh Bhatkar,3.7
Ramesh Deo,4.966666666666666
Ramesh Puri,6.225
Ramesh Sharma,6.2
Rameshwari,7.9
Rami Reddy,7.5
Ramji,7.5
Ramola,3.1
Ramya Krishnan,6.1000000000000005
Rana Daggubati,7.6
Rana Jung Bahadur,4.683333333333333
Ranbeeir Kalsi,3.3
Ranbir Kapoor,6.571428571428571
Randeep Hooda,5.95
Randhawa,6.033333333333334
Randhir Kapoor,5.5600000000000005
Ranga Rao Kurra,7.0
Rani Agarwal,4.4
Rani Chatterjee,3.2
Rani Mukerji,5.6
Ranjan,4.6
Ranjana,7.7
Ranjeeta Kaur,7.3
Ranji Vijayan,6.6
Ranjit Bawa,7.3
Ranjit Kapoor,5.2
Ranjit Mallick,7.1
Ranjit Sood,5.9
Rannvijay Singh,5.8
Ranveer Singh,5.5875
Ranvir Shorey,6.825
Raqesh Bapat,6.0
Rashee Bindal,2.9
Rashid Ahmed,6.4
Rasika Dugal,6.85
Ratan Aulakh,3.1
Ratan Chopra,5.9
Ratan Gaurang,4.7
Rati Agnihotri,5.235294117647059
Ratin Banerjee,7.6
Ratna Bhooshan,8.1
Rattan Bai,5.866666666666667
Raushan Jha,7.4
Raveena Tandon,4.9375
Ravi,3.5
Ravi Anand,3.8
Ravi Baswani,6.3999999999999995
Ravi Behl,4.0
Ravi Bhatia,5.6
Ravi Chauhan,5.8
Ravi Chopra,6.2
Ravi Jhanghu,6.4
Ravi Kapoor,3.5
Ravi Kishan,4.1000000000000005
Ravi Kumar,8.2
Ravi Sah,6.6
Ravi Tandon,6.2
Ravi Teja,5.199999999999999
Ravikant Sinha,6.9
Ravindra Sahu,6.1
Raz Rehman Ali,8.9
Raza Murad,6.6
Reem Shaikh,2.4
Reema Lagoo,5.7
Reena Roy,5.725
Rehaan Engineer,5.9
Rehal Khan,3.5
Rehana,6.133333333333333
Rehana Sultan,5.75
Rehman,6.7
Rekha,5.531034482758621
Rekha Rana,5.5
Renuka Devi,6.199999999999999
Revathi,7.1
Rhea Chakraborty,5.65
Rhythm Arora,5.7
Richa Chadha,5.3
Richa Pallod,5.1
Richard Harris,1.6
Rikkee,3.7
Rima Mishra,7.1
Rina Charaniya,5.3
Rinku Jaiswal,5.8
Rintu Thomas,8.1
Rishabh Vaidya,2.8
Rishi Bhummi,7.0
Rishi Bhutani,4.2
Rishi Kapoor,5.922033898305084
Rishi Rehan,3.7
Rishi Verma,6.8
Rishma Malik,5.1
Rishy,7.7
Rita Bhaduri,5.3428571428571425
Riteish Deshmukh,5.185714285714285
Rituparna Sengupta,4.366666666666666
Ritwick Chakraborty,5.6
Riya Deepsi,3.6
Riyaz Khan,5.1
Robin Das,7.7
Robin Sikarwar,5.7
Robin Sohi,4.3
Rocky Bhatia,4.4
Rocky Sandhu,3.7
Rohan,3.2
Rohan Dey,7.4
Rohan Jardosh,4.4
Rohan Kapoor,4.1
Rohini Hattangadi,8.2
Rohit Krishnakant Nayyar,4.4
Rohit R.K.,5.9
Rohit Roy,4.2
Romesh Sharma,6.1
Romit Raj,6.9
Ronit Jadhav,8.15
Ronit Roy,5.45
Rono Mukherjee,6.1
Roopa Ganguly,4.7
Roopesh Kumar,6.9
Rose Laskar,5.8
Roshan Lal Shorey,3.8
Rotem Bar,3.8
Ruby Ahmed,4.3
Ruby Bharaj,7.5
Ruby Mayer,4.050000000000001
Ruchika Muchhala,6.1
Ruma Guha Thakurta,7.6
Rupa Bhimani,6.2
Rupak Ginn,7.5
Ruslaan Mumtaz,5.866666666666667
S. Panju,6.26
S. Ramanathan,6.8
S.A. Chandrashekhar,5.1
S.M. Iqbal,3.9
S.N. Banerjee,7.1
S.P.M. Raman,6.6
S.S. Vasan,7.1
S.U. Sunny,5.5
Saahil Chadha,4.55
Saahil Prem,5.1
Saasha Aery,8.7
Saayli Buva,3.6
Sabah,3.7
Sabita Devi,6.4
Sabitha Anand,6.0
Sabreen Baker,5.9
Sachendra Choubey,7.4
Sachiin Joshi,4.866666666666667
Sachin,5.74
Sachin Khedekar,7.35
Sachin Krishn,6.8
Sachin Pilgaonkar,7.140000000000001
Sachin Tendulkar,8.6
Sada,7.4
Sadashiv Amrapurkar,4.923809523809524
Sadhana,7.075
Sadhana Singh,6.0
Sadhona Bose,6.800000000000001
Sadhvi Bhatt,6.0
Sadia Khateeb,3.8
Sadiq Ali,7.7
Sadiya Azgar,6.8
Sadiya Siddiqui,6.2
Saeed Jaffrey,6.7
Sagar Arya,5.2
Sagar Deshmukh,7.1
Sagar Pandey,5.5
Saharsh Kumar Shukla,7.4
Saheem Khan,5.8
Sahil Akhtar,8.8
Sahil Anand,6.4
Sahil Khan,3.4
Sahil Mehta,5.3
Sahil Seth,3.8
Sahil Vaid,6.6
Sahila Chaddha,3.2
Sahilraj Dewangen,3.5
Saiba Babu,8.0
Saif Ali Khan,5.496153846153846
Saira Banu,6.142857142857143
Saiyami Kher,5.8
Sajad Khaki,6.6
Sajeel Parakh,6.2
Sajid Khan,5.8
Sajin Saleem,5.1
Sajjan,5.7
Salil Acharya,5.0
Salil Ankola,6.3
Salim Abubaker,6.2
Salim Amrohi,6.1
Salim Fateh,5.8
Salma Agha,4.24
Salman Khan,5.232692307692308
Sam Nagar,5.6
Samarth Sonawane,8.7
Sameer Aftab,5.2
Sameer Dharmadhikari,3.9000000000000004
Sameera Awasthi,5.5
Samiksha Bhatnagar,6.866666666666667
Samiksha Bhatt,6.6
Samir Aftab,5.0
Samir Ahmed,6.6
Samir Soni,7.1
Samit Bhanja,7.5
Sammir Dattani,6.9
Sammy Jonas Heaney,3.0
Sampat Pal Devi,7.5
Samrat,4.1
Sanaya Irani,5.0
Sandeep Bedi,5.3
Sandeep Bose,4.4
Sandeep Kulkarni,6.15
Sandeepa Dhar,5.95
Sandesh Gour,6.6
Sandhya,6.466666666666666
Sandip Mukherjee,6.3
Sangeeta Bijlani,6.0
Sanghmitra Hitaishi,6.9
Saniya Anklesaria,5.9
Sanjay Bhatia,5.5
Sanjay Chauhan,3.6
Sanjay Deyali,8.0
Sanjay Dutt,5.142465753424657
Sanjay Gupta,5.7
Sanjay Kapoor,4.95
Sanjay Khan,5.989473684210526
Sanjay Khanna,4.2
Sanjay Mishra,7.275
Sanjay Mitra,7.7
Sanjay Sharma,5.449999999999999
Sanjay Singh,5.4
Sanjay Suri,6.5
Sanjeev Giriwer,6.4
Sanjeev Kumar,6.426760563380282
Sanjeeva Affrin,4.4
Sanoj R. Mishra,6.766666666666666
Sanya Malhotra,7.050000000000001
Sapna Awasthi,5.7
Sapna Sappu,5.542857142857143
Saqib Saleem,7.0
Sara Khan,6.2
Sara Loren,5.1
Sarah Jane Dias,7.0
Sarah Wayne Callies,5.3
Sarath Babu,5.033333333333333
Sarath Kumar,3.1
Sarika,6.15
Sarita Joshi,7.3
Saroj Bhargava,2.9
Saroja Devi B.,6.65
Sarosh Irani,7.3
Sarvadaman Banerjee,7.366666666666667
Sarvar Ahuja,4.05
Saswata Chatterjee,7.7
Satchit Puranik,3.6
Sathyan,7.7
Sathyaraj,4.4
Satish Kaushik,6.1
Satish Kumar,4.4
Satish Vyas,6.7
Satnam Kaur,6.3
Satya Prakash,4.7
Satyadev Dubey,7.1
Satyajeet,7.6
Satyakam Anand,6.1
Satyanshu Singh,7.8
Saurabh Agarwal,7.1
Saurabh Choudhary,3.8
Saurabh Goyal,7.6
Saurabh Malik,4.0
Saurav Chakraborty,6.7
Savita Bajaj,7.0
Sawroop Butta,7.3
Sayani Gupta,7.0
Seema,6.5
Seema Azmi,5.366666666666667
Seema Bilong,6.1
Seema Biswas,5.425
Seema Burman,6.9
Seema Deo,7.0
Seema Dogra,3.9
Serena Lorien,5.2
Shabana Afreen,7.2
Shabana Azmi,6.730232558139535
Shabana Raza,5.4
Shadaab Khan,3.7
Shadab Kamal,5.85
Shadab Khan,4.2
Shafi Inamdar,4.6
Shafiq Syed,8.0
Shagufta Ali,4.325
Shah Rukh Khan,6.605405405405405
Shahbaaz Khan,7.300000000000001
Shahbaz Baweja,6.2
Shaheed Latif,6.0
Shahid Kapoor,5.765
Shahnawaz Bhat,6.7
Shahu Modak,6.45
Shail Chaturvedi,6.0
Shailendra Gaur,6.8
Shakeel Bharati,8.0
Shakeela,5.2
Shakila,6.016666666666667
Shakti Kapoor,4.6625
Shakuntala Barua,7.4
Shakur Sir,4.2
Shalini,6.3
Shalini Abhyankar,5.0
Shambhavi Agrawal,6.2
Shamim,7.0
Shamim Khan,4.7
Shammi Kapoor,6.7057692307692305
Shamna Kasim,6.0
Shankanada Anjanappa,7.1
Shankanada Aravind,7.4
Shanta Apte,5.733333333333333
Shantanu Ray Chhibber,4.15
Shantaram Rajaram Vankudre,7.125
Shanti Dave,7.2
Sharad Kelkar,5.3
Sharad Ponkshe,5.7
Sharad S. Kapoor,5.25
Sharada,6.2
Sharada Devi,7.2
Sharadkumar Dicksheet,7.9
Sharan Anandani,6.7
Shardul Bharadwaj,7.4
Sharib Hashmi,6.75
Sharifa,9.0
Sharman Joshi,4.74
Sharmila Tagore,5.616666666666667
Shashank Arora,6.65
Shashank Udapurkar,4.9
Shashanka Ghosh,5.5
Shashi Dhar,6.6
Shashi Kapoor,6.264772727272727
Shashikala,6.3
Shatrughan Sinha,5.302272727272728
Shaurya Singh,6.8
Shawar Ali,3.8499999999999996
Sheeba,4.6000000000000005
Shefali Shah,5.65
Sheikh Fattelal,7.325
Sheikh Mukhtar,5.7
Shekhar,6.6000000000000005
Shekhar Kapur,6.233333333333333
Shekhar Suman,4.95
Sherlyn Chopra,4.75
Shilpa Shetty Kundra,5.233333333333333
Shilpa Shirodkar,5.6
Shiney Ahuja,4.65
Shinnosuke Yakuwa,6.8
Shiraz Hussain,7.9
Shiv Darshan,2.6
Shiv Kumar,6.2
Shiv Panditt,5.7
Shiva Rindani,4.3
Shiva Suryavanshi,8.6
Shivaji Ganesan,7.075
Shivaji Satam,6.1
Shivangi Bhayana,5.9
Shivani Raghuvanshi,6.8
Shivarajkumar,7.3
Shobana,6.8
Shobhna Samarth,7.0
Shoma Anand,5.625
Shona Chabra,4.2
Shraddha Kapoor,5.0
Shravani Abhang,8.0
Shravankumar Tiwari,5.3
Shreedevi Chowdary,6.8
Shreekant,5.8
Shreeram Lagoo,5.3
Shreyas Porus Pardiwalla,6.1
Shreyas Talpade,5.277777777777778
Shrikant Ram,4.6
Shrivastava Anushka,4.85
Shriya Sharma,8.0
Shrunga B.V.,5.9
Shruti Haasan,5.7
Shubh Mukherjee,4.9
Shubha Khote,4.5
Shubham,5.4
Shubham Kumar Singh,7.3
Shubhanshu Satyadeo,9.0
Shubhi Ahuja,3.7
Shubhra Ghosh,4.0
Shubhradeep Chakravorty,6.7
Shweta,7.35
Shweta Basu Prasad,7.8
Shweta Bhardwaj,3.3
Shweta Tripathi,7.0
Shyam Bharteey,8.8
Shyam Bhimsaria,7.9
Shyam Kumar,6.3
Shyama,5.928571428571429
Sibu Giri,6.1
Siddharth,6.133333333333333
Siddharth Bhardwaj,6.5
Siddharth Gupt,6.5
Siddharth Gupta,5.3
Siddharth Kher,6.3
Siddharth Koirala,3.1
Siddharth Menon,6.3
Sidhant Gupta,4.6
Sidhant Kapur,5.0
Sidhant Salaria,4.8
Sidharth Bhardwaj,9.0
Sidharth Malhotra,5.828571428571428
Sikandar Khanna,6.3
Sikandar Kher,4.75
Simer Motiani,5.5
Simi Garewal,5.7
Simran Ahemad,4.5
Sippy Gill,6.4
Siraj Mustafa Khan,3.2
Sitara Devi,4.25
Smita Gondkar,7.3
Smita Patil,6.49
Smriti Biswas,7.3
Smriti Mundhra,6.9
Sneha,6.1
Sobhan Babu,7.8
Soha Ali Khan,5.85
Sohail Khan,4.4714285714285715
Sohail Mokashi,6.0
Sohan Borcar,6.0
Sohini Sarkar,7.6
Sohrab Ardeshir,5.6000000000000005
Sohrab Modi,6.35
Som Dutt,5.7
Sombhu Mitra,8.2
Somesh Agarwal,6.14
Somy Ali,5.7
Sona Mastan Mirza,5.5
Sonakshi Sinha,4.8
Sonal Chauhan,7.0
Sonali Bendre,5.5
Sonali Kulkarni,6.1
Sonam,3.6
Sonam Arora,6.699999999999999
Sonam Kapoor,5.74
Sonarika Bhadoria,3.1
Soni Razdan,5.9
Sonia Agarwal,6.6
Sonia Albizuri,5.666666666666667
Sonia Thakur,3.2
Sonika Gill,5.15
Sonu Chourasia,5.6
Sonu Nigam,3.6
Sonu Sood,5.2
Sooraj Balaji,3.1
Sooraj Pancholi,3.8666666666666667
Sooraj R. Barjatya,4.2
Sophiya Chaudhary,3.7
Sorabh Chauhan,6.8
Soubhagya Chandan Satapathy,6.0
Soumi Saha,8.9
Soumitra Bannerjee,6.9
Soumitra Chatterjee,7.3
Soumyak Kanti DeBiswas,7.0
Soundarya,5.449999999999999
Soundarya Sharma,7.3
Sourabh,3.9
Sourabh Arora,7.5
Sreejith Vijay,4.2
Sreelekha Mitra,5.6
Sreenath Janardhanan,6.9
Sridevi,5.478571428571429
Sridhar Dubey,7.8
Srikanth,2.7
Sripriya,4.4
Srishti Gautam,7.8
Sritam Das,7.9
Srivinay Salian,4.7
Steven a Dsouza,7.1
Subhash Ahuja,7.5
Subodh Bhave,4.3
Subodh Mitra,6.5
Subramanian Swamy,9.2
Subrat Dutta,6.65
Suchitra Krishnamoorthi,2.0
Suchitra Sen,7.699999999999999
Sudeep,6.1
Sudesh Berry,2.8666666666666667
Sudesh Issar,6.3
Sudesh Kumar,4.5
Sudha Chandran,6.5
Sudha Chopra,6.5
Sudhanshu Pandey,4.3
Sudhir Ahuja,7.0
Sudhir Dalvi,6.375
Sudhir Kumar,8.2
Suhaas Ahuja,5.5
Suhasini,8.0
Sujata Mehta,6.3
Sulabha Arya,6.466666666666666
Sulabha Deshpande,6.050000000000001
Sulagna Panigrahi,8.4
Sulochana Chatterjee,6.3
Sulochana Latkar,5.9
Suman,4.2
Suman Ranganath,5.6
Sumana Mukherjee,6.0
Sumanth,4.7
Sumeet Saigal,3.5
Sumeet Vyas,5.4
Sumit Arora,6.3
Sumit Gulati,8.2
Sumit Nijhawan,5.35
Sunalini Devi,6.8
Suneil Anand,6.2
Sunidhi Chauhan,6.800000000000001
Sunil Barve,5.9
Sunil Dhawan,4.0
Sunil Dutt,6.095081967213115
Sunil Kumar Agrawal,4.300000000000001
Sunil Pal,4.6
Sunil Sharma,6.9
Sunil Shetty,4.602857142857142
Sunil Singh,3.6
Sunil Sukthankar,5.7
Sunil Tiwari,4.0
Sunny Deol,5.022033898305085
Sunny Gill,4.5
Sunny Hinduja,7.4
Sunny Kaushal,6.25
Sunny Leone,3.55
Sunny Pawar,6.5
Sunny Sachdeva,8.3
Sunny Singh,3.2
Sunny Thakur,6.3
Supriya,5.5
Suraiya,6.88
Suraj Baba,6.8
Suraj Prakash,6.4
Suraj Sharma,7.9
Surekha,6.0
Surendra,6.659999999999999
Surendra Kumar,6.1
Surendra Pal,3.0
Suresh,6.066666666666666
Suresh Bhagwat,7.8
Suresh Chatwal,5.550000000000001
Suresh Gopi,5.25
Suresh Oberoi,5.875
Suresh Thomas,5.4
Surinder Yadav,7.0
Suriya,9.1
Sushama Deshpande,6.9
Sushant Singh,5.45
Sushant Singh Rajput,6.875
Sushma Ahuja,4.6
Sushmita Sen,4.88
Suvahhdan Angre,7.3999999999999995
Suzanne Bernert,5.0
Svar Kamble,7.2
Swanand Kirkire,5.1
Swapna,8.1
Swara Bhaskar,4.95
Swaran Lata,7.2
Swaroop Kanchi,6.4
Swaroop Khan,6.7
Swarup Dutt,7.2
Sylvester Stallone,3.9
T.K. Desai,6.3
T.N. Sharma,5.6
T.P. Rajalakshmi,6.2
T.R. Narasimharaju,8.0
T.S. Balaiah,6.6
Taapsee Pannu,6.628571428571428
Tabrez Hashmi,4.0
Tabu,5.6375
Talat Jani,3.3
Talat Mahmood,6.375
Talha Arshad Reshi,7.8
Talia Bentson,8.8
Tania Nazmeen Dean,4.7
Tanikella Bharani,5.066666666666666
Tanima Bhattacharya,7.4
Tanishaa Mukerji,4.4
Tanmay Bhat,8.6
Tanmay Dhanania,3.4
Tannishtha Chatterjee,6.675
Tanuj Virwani,4.966666666666667
Tanuja,6.35
Tanushree Dutta,4.2
Tanveer,5.7
Tanveer Ahmad,3.2
Tanveer Hashmi,2.5
Tanvi Jain,7.2
Tanvi Verma,4.7
Tapas Pal,6.5
Tara Deshpande,6.0
Tara Sharma,4.5
Tariq,5.8
Tarun Arora,5.35
Tarun Bose,7.4
Tarush Waghela,6.5
Teeshay,5.7
Tejaswini Manogna,9.3
Tenzing Sonam,7.0
Tharun Bhascker Dhaassyam,5.0
Thilakan,1.9
Tia Bajpai,5.9
Tiger Shroff,3.4499999999999997
Tillotama Shome,7.7
Tina Ambani,4.75
Tinku,6.3
Tinnu Anand,5.08
Tisca Chopra,6.1
Tod Polson,5.9
Todd Howard,3.4
Tom Alter,5.533333333333334
Tony Pietra Arjuna,5.6
Tottempudi Gopichand,5.783333333333334
Trilok Kapoor,7.2
Trimala Adhikari,7.800000000000001
Tripti Dimri,6.6
Trisha Krishnan,7.3
Trivikram Mattoo,7.9
Tulika Banerjee,6.1
Tulip Joshi,7.7
Tulsi Ramsay,5.714285714285714
Tushar Dalvi,6.2
Tushar Jalota,3.6
Tushar Jha,7.3
Tushar Pandey,6.7
Tushar Prakash,6.9
Tusshar Kapoor,4.2125
U.R. Ananthamurthy,7.8
Uday Chopra,4.25
Udaya Kumar,7.8
Udayan Banerjee,6.3
Udita Goswami,3.6
Ujjwal Rana,5.9
Umesh Kamat,6.5
Umesh Mehra,5.9
Unknown,6.7504
Unni Mary,5.4
Upendra,6.6
Upendra Limaye,5.5
Urmila Bhatt,6.4799999999999995
Urmila Matondkar,6.042857142857143
Urvashi Rautela,3.266666666666667
Usha Bachani,5.449999999999999
Usha Kiran,6.7
Usha Sharma,8.3
Utkarsh Sharma,5.3
Utpal Dutt,6.6000000000000005
Utpal Sinha,7.8
Uttam Halder,6.8
Uttam Kumar,6.466666666666666
Uttar Kumar,6.6
V. Gopalakrishnan,4.8
V. Menon,6.2
V. Ravichandran,5.3
Vaarssh Bhatnagar,3.6
Vadivelu,3.1
Vaibhav Chauhan,5.9
Vaibhav Khisti,9.4
Vaibhav Sethia,6.9
Vaishali Sinha,7.1
Vanamala,6.7
Vandana Asthana,8.1
Vandana Seth,7.8
Vani Vashishth,5.9
Vansh Bhardwaj,5.4
Vardhan Puri,8.0
Varsha Agnihotri,5.7
Varun Bhagwat,6.1
Varun Choudhary,6.5
Varun Dhawan,5.088888888888889
Vasant Choudhury,8.8
Vasili Pronin,7.0
Vats Amit,4.3
Vatsal Sheth,5.2
Veena Kapoor,2.7
Veena Malik,2.7
Veerendra,2.7
Vega Tamotia,5.8
Venkatesh Daggubati,5.391666666666667
Vibha Chhibber,6.2
Vickrant Mahajan,5.9
Vicky Ahuja,4.92
Vicky Bhalla,2.8
Vicky Kaushal,6.725
Victor Banerjee,6.588888888888889
Vidit Kumar,3.25
Vidya Balan,6.8
Vidya Sinha,7.3
Vidyut Jammwal,6.028571428571429
Vijay Aidasani,6.6
Vijay Anand,6.333333333333333
Vijay Arora,6.35
Vijay Mahar,9.3
Vijay Maurya,6.9
Vijay Raaz,7.35
Vijay Sadanah,6.2
Vijay Sharma,4.2
Vijay Varma,7.3
Vijay Verma,6.2
Vijayachander,7.7
Vijayakanth,4.8
Vijayalalitha,6.3
Vijayendra Ghatge,5.433333333333334
Vije Bhatia,4.2
Vikaas Kalantari,5.4
Vikas Anand,5.2700000000000005
Vikas Balian,6.9
Vikas Bangar,6.5
Vikas Bhalla,5.9
Vikas Kalantri,5.4
Vikram,6.433333333333334
Vikram Chatterjee,6.8
Vikram Chatwal,5.6
Vikram Chopra,3.3
Vikram Gokhale,5.6
Vikram Kochhar,6.3
Vikram Makandar,5.666666666666667
Vikrant Massey,5.7
Vikrum Kumar,3.0
Vimal Bhagat,7.0
Vimal Chandra Pandey,7.2
Vinamrata Rai,6.8
Vinay Ambast,7.2
Vinay Anand,4.7
Vinay Apte,5.066666666666667
Vinay Katore,6.5
Vinay Pathak,6.164285714285714
Vinay Rai,3.3
Vinay Sapru,5.166666666666667
Vinay Shukla,8.7
Vinay Subramanian,7.6
Vinay Virmani,5.85
Vincent Ashokan,4.7
Vineet Kumar Singh,7.8
Vinit Kanojia,8.4
Vinod Acharya,5.65
Vinod K. Verma,5.0
Vinod Khanna,5.703703703703703
Vinod Kumar,7.7
Vinod Mehra,5.8100000000000005
Vinod Pande,4.2
Vipinno,3.9
Vir Das,5.4
Vira Sathidar,7.7
Virender Razdan,4.0
Vishal,5.466666666666666
Vishal Acharya,6.1
Vishal Anand,6.9
Vishal Arya,8.3
Vishal Bakshi,4.6
Vishal Chaturvedi,4.6
Vishal Desai,6.0
Vishnu Manchu,7.9
Vishnuvardhan,8.55
Vishwa Bhanu,9.3
Vivaan Shah,6.6
Vivek Anand,6.3
Vivek Mushran,4.62
Vivek Oberoi,4.9363636363636365
Vivek Sudershan,2.1
Vyjayanthimala,6.375
Waheeda Rehman,6.193333333333333
Wamiqa Gabbi,6.3
William Cully Allen,6.4
Y.G. Mahendran,3.8
Y.V.S. Chowdary,7.5
Yami Gautam,5.7
Yasef Calderón,4.2
Yash Acharya,4.0
Yash Agarwal,6.1
Yash Baba,7.2
Yash Dave,5.6
Yash Krishnani,5.4
Yash Shetty,8.0
Yash Soni,7.3
Yashaswini Dayama,5.4
Yashi Kapoor,3.4
Yashit Duggal,6.9
Yashodhan Bal,6.6
Yashpal Sharma,6.6
Yogeeta Bali,5.483333333333333
Yogesh Chikne,6.5
Yogesh Raj Mishra,5.1
Yoggitta Dandaykar,6.3
Yogita Deshmukh,5.4
Yunus Parvez,2.8
Yusuf Qasmi,6.2
Yuvraj Kumar,7.5
Zackie Achmat,7.7
Zaheer Iqbal,6.9
Zaheera,6.6
Zahid Ali,4.3
Zain Khan,5.6
Zaira Wasim,7.8
Zakir Hussain,7.3
Zameer Ashai,6.7
Zareen Khan,4.05
Zarina Wahab,2.6
Zayed Khan,4.575
Zeenat Aman,6.214285714285714
Zenia Starr,6.65
Zulfi Sayed,5.2
