actor_1,count
Jeetendra,140
Dharmendra,134
Mithun Chakraborty,130
Unknown,125
Ashok Kumar,125
Rajesh Khanna,118
Amitabh Bachchan,117
Dev Anand,91
Shashi Kapoor,88
Akshay Kumar,82
Sanjay Dutt,73
Sanjeev Kumar,71
Ajay Devgn,70
Govinda,65
Sunil Dutt,61
Rishi Kapoor,59
Sunny Deol,59
Anil Kapoor,56
Jackie Shroff,55
Vinod Khanna,54
Shammi Kapoor,52
Salman Khan,52
Naseeruddin Shah,47
Shatrughan Sinha,44
Shabana Azmi,43
Raj Babbar,40
Kishore Kumar,39
Shah Rukh Khan,37
Dilip Kumar,36
Kamal Haasan,36
Asrani,35
Sunil Shetty,35
Rajendra Kumar,35
Aamir Khan,34
Raj Kapoor,34
Ishrat Ali,30
Feroz Khan,30
Rekha,29
Manoj Bajpayee,29
Rajinikanth,28
Rakhee Gulzar,28
Dara Singh,27
Nagarjuna Akkineni,27
Raaj Kumar,27
Nargis,27
Pradeep Kumar,26
Mala Sinha,26
Meena Kumari,26
Saif Ali Khan,26
Emraan Hashmi,26
Jimmy Sheirgill,25
John Abraham,23
Om Puri,22
Madhubala,22
Manoj Kumar,22
Tulsi Ramsay,21
Sadashiv Amrapurkar,21
Nana Patekar,20
Vikas Anand,20
Nutan,20
Hrithik Roshan,20
Shahid Kapoor,20
Anupam Kher,20
Randhir Kapoor,20
Navin Nischol,20
Vinod Mehra,20
Sanjay Khan,19
Arjun Rampal,19
Mastan Alibhai Burmawalla,18
Balraj Sahni,18
Bobby Deol,18
Bharat Bhushan,18
Irrfan Khan,18
Asha Parekh,18
Biswajit Chatterjee,17
Ajit,17
Kay Kay Menon,17
Rati Agnihotri,17
Nawazuddin Siddiqui,16
Vyjayanthimala,16
Joy Mukherjee,16
Abhishek Bachchan,16
Tusshar Kapoor,16
Hema Malini,16
Waheeda Rehman,15
Rakesh Bedi,15
Nirupa Roy,14
Sridevi,14
Muntazir Ahmad,14
Sapna Sappu,14
Mehmood,14
Zeenat Aman,14
Vinay Pathak,14
Ayushmann Khurrana,14
Ranbir Kapoor,14
Amol Palekar,14
Hemant Birje,14
Chiranjeevi,14
Farooq Shaikh,13
Arshad Warsi,13
Prithviraj Kapoor,13
Akshaye Khanna,12
Birbal,12
Rakesh Roshan,12
Kangana Ranaut,12
Mahendra Sandhu,12
Tom Alter,12
Venkatesh Daggubati,12
Aftab Shivdasani,11
Rajkummar Rao,11
Abhay Deol,11
Anil Dhawan,11
Arun Bakshi,11
Madhuri Dixit,11
Vivek Oberoi,11
Paresh Rawal,11
Randeep Hooda,10
Mumtaz,10
Abhi Bhattacharya,10
Sanjay Kapoor,10
Sudeep,10
Manisha Koirala,10
K.L. Saigal,10
Sharman Joshi,10
Smita Patil,10
Aditya Pancholi,10
Jaya Bachchan,10
S. Panju,10
Suraiya,10
Kumar Gaurav,10
Kartik Aaryan,9
Fardeen Khan,9
Kareena Kapoor,9
Victor Banerjee,9
Varun Dhawan,9
Prem Nath,9
Rajpal Yadav,9
Mahipal,9
Nandamuri Balakrishna,9
Bipasha Basu,9
Ashutosh Rana,9
Shreyas Talpade,9
Deepika Padukone,8
Vidya Balan,8
Dimple Kapadia,8
Priyanshu Chatterjee,8
Sanjay Mishra,8
Raveena Tandon,8
Priyanka Chopra Jonas,8
Seema Biswas,8
Beena Banerjee,8
Master Bhagwan,8
Vijay Arora,8
Nanda,8
Adil Hussain,8
Paidi Jairaj,8
Mohan Agashe,8
Tabu,8
Sushant Singh Rajput,8
Mahesh Anand,8
Kiran Kumar,8
Juhi Chawla,8
Fearless Nadia,8
Ranveer Singh,8
Arjun,8
Shakti Kapoor,8
Sohrab Modi,8
Kunal Kapoor,7
Kajol,7
Nandita Das,7
Agha,7
Avinash Wadhawan,7
Rahul Bose,7
Bindu,7
Raghuvir Yadav,7
Taapsee Pannu,7
Pankaj Kapur,7
N.T. Rama Rao,7
Guru Dutt,7
Konkona Sen Sharma,7
Himesh Reshammiya,7
Sidharth Malhotra,7
Karisma Kapoor,7
Devika Rani,7
Vidyut Jammwal,7
Shyama,7
Divya Dutta,7
Rita Bhaduri,7
Urmila Matondkar,7
Saira Banu,7
Rahul Dev,7
Girish Karnad,7
Riteish Deshmukh,7
Dino Morea,7
Rajeev Khandelwal,7
Farhan Akhtar,7
Sohail Khan,7
Madhavan,6
Mohan Babu,6
Neha Dhupia,6
Sheikh Mukhtar,6
Kishore Anand Bhanushali,6
Geeta Bali,6
Tottempudi Gopichand,6
Mammootty,6
Sarvar Ahuja,6
Pulkit Samrat,6
Tiger Shroff,6
Sharmila Tagore,6
Ayub Khan,6
Mohanlal,6
Imran Khan,6
Prem Adib,6
Amjad Khan,6
Shakila,6
Rajit Kapoor,6
Kamini Kaushal,6
Poonam Dhillon,6
Pankaj Tripathi,6
Laxmikant Berde,6
Rahul Roy,6
Deepti Naval,6
Rana Jung Bahadur,6
Utpal Dutt,6
Vijayendra Ghatge,6
Nalini Jaywant,6
Uttam Kumar,6
Yogeeta Bali,6
Chunky Panday,6
Arjun Kapoor,6
Amit Pachori,5
Mahesh Babu,5
Aparajita,5
Tinnu Anand,5
Rahul Bagga,5
Nimmi,5
Deepak Dobriyal,5
Durga Khote,5
Salma Agha,5
Raj Kiran,5
Kunal Khemu,5
Sachin Pilgaonkar,5
Amala Akkineni,5
Mallika Sherawat,5
Pran,5
Sonam Kapoor,5
Somesh Agarwal,5
Harman Baweja,5
Amit Sadh,5
Aishwarya Rai Bachchan,5
Vivek Mushran,5
I.S. Johar,5
Mamta Kulkarni,5
Sushmita Sen,5
Mohnish Bahl,5
Nithiin,5
Mimoh Chakraborty,5
Jackky Bhagnani,5
Rani Mukerji,5
Surendra,5
Dev Kumar,5
Motilal,5
Richa Chadha,5
Urmila Bhatt,5
Aditya Roy Kapoor,5
Rajat Kapoor,5
Kishore Sahu,5
Prabhu Deva,5
Joseph Vijay,5
Prateik,5
Arbaaz Khan,5
Neil Nitin Mukesh,5
Sachin,5
Milind Soman,5
Vicky Ahuja,5
Raj Nidimoru,5
Rajniesh Duggall,5
Pankaj Berry,5
Sheikh Fattelal,4
Maya Alagh,4
Sudhir Dalvi,4
Tannishtha Chatterjee,4
Barun Sobti,4
Shekhar Suman,4
Bidita Bag,4
Bhanupriya,4
Arun Govil,4
Raza Murad,4
Ali Zafar,4
Jaymala Adarsh,4
Lillete Dubey,4
Shiney Ahuja,4
Noor Jehan,4
Krishan Kumar,4
Ramesh Puri,4
Vinay Anand,4
Shivaji Ganesan,4
Ajith Kumar,4
Arman Kohli,4
Sadhana,4
Sanjay Suri,4
Anushka Sharma,4
Javed Khan,4
Arvind Swamy,4
Gulshan Grover,4
Annu Kapoor,4
Sharib Hashmi,4
Deepak Parashar,4
Shawar Ali,4
Sonali Kulkarni,4
Sonu Sood,4
Kalki Koechlin,4
Sherlyn Chopra,4
Mahrukh Mirza,4
Kamal Sadanah,4
Shagufta Ali,4
Talat Mahmood,4
Shantaram Rajaram Vankudre,4
Shoma Anand,4
Krishna Abhishek,4
Abhilasha,4
Kumaar Aadarsh,4
Reena Roy,4
Jalal Agha,4
Suresh Oberoi,4
Sunny Leone,4
Sameer Dharmadhikari,4
Chandrachur Singh,4
Zayed Khan,4
Alia Bhatt,4
Akshay Anand,4
Tanuja,4
Subrat Dutta,4
Anand Balraj,4
Chitra,4
David Abraham,4
Parikshit Sahni,4
Ranvir Shorey,4
Parvin Dabas,4
Vicky Kaushal,4
Ronit Roy,4
Rajat Bedi,4
Preity Zinta,4
Swara Bhaskar,4
Nikhil Dwivedi,4
Suresh,3
Siddharth,3
Shanta Apte,3
Seema Azmi,3
Randhawa,3
Vinay Sapru,3
Ganesh Acharya,3
Sooraj Pancholi,3
K. Prasad,3
Karann Nathh,3
Rishi Bhutani,3
Vijay Anand,3
Arya Babbar,3
Ayesha Takia,3
Ravi Kishan,3
Isha Koppikar,3
Rituparna Sengupta,3
Leena Chandavarkar,3
Pankaj Dheer,3
Kanan Devi,3
Mukesh S. Bhatt,3
Ravi Baswani,3
Sachiin Joshi,3
Jigna Bhardwaj,3
Sumeet Saigal,3
Ameeta,3
Neena Gupta,3
Saqib Saleem,3
Sheeba,3
Adhyayan Suman,3
Vikram,3
Vinay Apte,3
Kirron Kher,3
Tanuj Virwani,3
Anil Nagrath,3
Sarvadaman Banerjee,3
Baldev Khosa,3
Pawan Malhotra,3
Atul Kulkarni,3
Nassar Abdulla,3
Dibakar Banerjee,3
Kunaal Roy Kapur,3
Chandrashekhar,3
Gajanan Jagirdar,3
Sulabha Arya,3
Ayesha Jhulka,3
Radhika Apte,3
Ruslaan Mumtaz,3
Gurmeet Choudhary,3
Himansh Kohli,3
Vishal,3
Gurmeet Ram Rahim Singh,3
Samiksha Bhatnagar,3
Shadab Khan,3
Nilamadhab Panda,3
Rehana,3
Shilpa Shetty Kundra,3
Milind Gunaji,3
Purab Kohli,3
Sohrab Ardeshir,3
Jatin Grewal,3
J.D. Chakravarthi,3
Dhanush,3
Shekhar,3
Aruna Raje,3
Sanoj R. Mishra,3
Omkar Das Manikpuri,3
Sandhya,3
Bhagyashree,3
Urvashi Rautela,3
Shekhar Kapur,3
Ali,3
Ramesh Deo,3
Aruna Irani,3
Rajiv Kapoor,3
Prithvi,3
Chandni,3
Meera,3
Hrishitaa Bhatt,3
Suneil Anand,3
Nasir Khan,3
Samir Aftab,3
Vikram Makandar,3
Sarath Babu,3
Mahima Chaudhry,3
Nigar Sultana,3
Prasenjit Chatterjee,3
Padmini Kolhapure,3
Gul Panag,3
Jeevan,3
Akshay Oberoi,3
Sudesh Berry,3
Rattan Bai,3
Sonia Albizuri,3
Sonakshi Sinha,3
Prashanth,3
Bina Rai,3
Mohan Choti,3
Tanikella Bharani,3
Gulshan Devaiah,3
Deepak,3
Abbas,3
Aamir Bashir,3
Raksha Mistry,3
Shefali Shah,2
Aparna,2
Vijay Raaz,2
Rajkumari,2
Chandgiram,2
Jagdeep,2
Kasam Ali,2
Usha Bachani,2
Bobby Khan,2
Abhijeet,2
Zenia Starr,2
Sikandar Kher,2
Arun Mathur,2
Dia Mirza,2
Anant Nag,2
Jayamalini,2
Mukesh Khanna,2
Sonam Arora,2
Ramya Krishnan,2
Ambarish,2
Deepa Sahi,2
Sumit Nijhawan,2
Deven Bhojani,2
Ashutosh Gowariker,2
Manohar Singh,2
Meenakshi Sheshadri,2
Aaloka,2
Ruby Ahmed,2
Sharad S. Kapoor,2
Bobby Kumar,2
Arjun Mathur,2
Rajbeer Singh,2
Helen,2
Sachin Khedekar,2
Zulfi Sayed,2
Monica Desai,2
Shweta,2
Sumanth,2
Krishna A.R.,2
Jyotika,2
Sunil Dhawan,2
Priyanka Arya,2
Barkha Madan,2
Sonika Gill,2
Shahu Modak,2
K.S. Ashwath,2
Bharti Achrekar,2
Mona Ambegaonkar,2
Vinay Virmani,2
Manmohan Sabir,2
Gullu Dada,2
Kumari Naaz,2
Mumtaz Begum,2
Shahbaaz Khan,2
Ashim Kumar,2
Abhishek Kapoor,2
Kabir Bedi,2
Nishan Nanaiah,2
Nalini Tarkhad,2
Nafisa Ali,2
Suresh Gopi,2
Jamuna,2
Prayag Raj,2
Payal Rohatgi,2
Meka Srikanth,2
Annapoorna,2
Ronit Jadhav,2
Kanchan Awasthi,2
Savita Bajaj,2
Ketan Anand,2
Dolly,2
Monica Bedi,2
Delhi Ganesh,2
Krishna Ghattamaneni,2
Ashish Kumar,2
Nushrat Bharucha,2
Vijay Varma,2
Kiara Advani,2
Javed Jaffrey,2
Azaad Irani,2
Sujata Mehta,2
Nitish Bharadwaj,2
Kanika Batra,2
Inder Kumar,2
Seema Deo,2
Aruna,2
Rhea Chakraborty,2
Kumkum,2
Sunidhi Chauhan,2
Mohit Ahlawat,2
Soundarya,2
Rajendra Prasad,2
Jahangir Khan,2
Parineeti Chopra,2
Shrivastava Anushka,2
Master Vithal,2
Rahul Khanna,2
Inaamulhaq,2
Pooja Bhatt,2
Mehtab,2
Bijay Anand,2
Nisar Ahmad Ansari,2
Gavie Chahal,2
Faraaz Khan,2
Rehana Sultan,2
Sanya Malhotra,2
Karanvir Bohra,2
Prakash Bare,2
Prit Kamani,2
Sushant Singh,2
Farhad Samji,2
Dev Patel,2
Rajesh Bakshi,2
Anshuman Jha,2
Mehul Adwani,2
Kiran Janjani,2
Anand,2
Geetanjali Thapa,2
Karan Sharma,2
Asif Basra,2
Anita Kanwar,2
Jaz Pandher,2
Nissar,2
Ashmit Patel,2
Garima Agarwal,2
Jasti Hemambar,2
Neera,2
Begum Para,2
Smriti Biswas,2
Hercules,2
Trimala Adhikari,2
Vijayakanth,2
Rajesh Mittal,2
Bhalchandra Shukla,2
Jayshree Gadkar,2
Anil Chatterjee,2
Anita Guha,2
Kamalika Chanda,2
Ruby Mayer,2
Juhi Babbar,2
Mohinder Gujral,2
Suresh Chatwal,2
Aditya Srivastav,2
Rajeshwari Sachdev,2
Deb Mukherjee,2
Anjali Patil,2
Uday Chopra,2
Kishori Ambiye,2
P.L. Santoshi,2
Deepak Kumar,2
Amar Upadhyay,2
Boman Irani,2
Ferdous Ahmed,2
Muzamil Ibrahim,2
Gajendra Chauhan,2
Attin Bhalla,2
Janhvi Kapoor,2
Kshitij Sharma,2
Saahil Chadha,2
Hiralal,2
Himanshu Malik,2
Leela Desai,2
Devayani,2
Ahmareen Anjum,2
Ram Kapoor,2
Iti Acharya,2
Sadhona Bose,2
Lucky Ali,2
Kajal Aggarwal,2
Sudha Chandran,2
Amrita Singh,2
Abhimanyyu Abhimanyu,2
Manager Cheena,2
Prem Chopra,2
Dev Sharma,2
Chitram Basha,2
Rajasekhar,2
Salil Ankola,2
Raghu Babu,2
Jay Mehta,2
Sanjay Singh,2
Chandrima Bhaduri,2
Suman Ranganath,2
Vishnuvardhan,2
Arya,2
Kapil Karzan,2
Shiv Darshan,2
Kunal Goswami,2
Makrand Deshpande,2
Kashmira Shah,2
Prashant Narayanan,2
Nargis Bagheri,2
Johnny Walker,2
Manoj Bidwai,2
Sudhir Kumar,2
Alka Amin,2
Manu Rishi Chadha,2
Sandeep Kulkarni,2
Malaika Arora,2
Sunil Kumar Agrawal,2
Rajshree,2
Rasika Dugal,2
Sandeepa Dhar,2
Sulabha Deshpande,2
Akash,2
Prashantt Guptha,2
Raj Singh Chaudhary,2
Mugdha Godse,2
Nauheed Cyrusi,2
Tina Ambani,2
Aatish Devgan,2
Ishaan Khattar,2
Rohit Roy,2
Adil Amaan,2
Ram Asra,2
Avinash Dhyani,2
Diljit Dosanjh,2
Sitara Devi,2
Tapas Pal,2
Suvahhdan Angre,2
Adeel Chaudhry,2
Renuka Devi,2
Arif Zakaria,2
Ravi Teja,2
Ragesh Asthana,2
Harshvardhan Kapoor,2
Parveen Babi,2
Preeti Ganguli,2
Shantanu Ray Chhibber,2
Sunny Kaushal,2
Rakesh Khanna,2
Saroja Devi B.,2
Rahul Bhatt,2
Manek Bedi,2
Mandira Bedi,2
Umesh Mehra,2
Rajni Bala,2
Priyanka Bose,2
Gracy Singh,2
Soha Ali Khan,2
Sanjay Sharma,2
Ragini,2
Bimla Kumari,2
Paoli Dam,2
Nassar,2
Patralekhaa Paul,2
Mohan Gokhale,2
Leela Chitnis,2
Shashank Arora,2
Shadab Kamal,2
Shraddha Kapoor,2
Jagapathi Babu,2
Kirti Singh,2
Masood Akhtar,2
Sahil Anand,2
Vijayalalitha,2
Suchitra Sen,2
Ajinkya Deo,2
Karan Dewan,2
Jaideep Ahlawat,2
Amit Hingorani,2
Ahmed Faisal Inam,2
Master Romi,2
Mumtaz Shanti,2
Jugal Hansraj,2
Jacqueline Fernandez,2
Manoj Bakshi,2
Dolly Ahluwalia,2
Abhishek,2
Rajesh Malik,2
Kapil Jhaveri,2
S.S. Vasan,2
Vidit Kumar,2
Vineet Kumar Singh,2
Babu Antony,2
Ila Arun,2
Sarika,2
Abhay Bhargava,2
Divyendu Sharma,2
Meena,2
Tarun Arora,2
Jeet,2
Danny Denzongpa,2
Aditya,2
Owen Wilson,2
Zareen Khan,2
Ali Asgar,2
Manish Chaudhary,2
Nachiket Patwardhan,2
Joginder Shelly,2
Akbar Khan,2
Kuntaa Nikkil,2
Amrish Puri,2
Rajan Sippy,2
Vinod Acharya,2
Mahek Chahal,2
Nazima,2
Pahadi Sanyal,2
Aleksandr Zguridi,2
Manav Kaul,2
Akshay Kapoor,2
Lisa Ray,1
Rafiq Anwar,1
Kashmira Irani,1
Ajay Kkhundal,1
Amulaya,1
Vikas Kalantri,1
Samir Ahmed,1
Addy,1
Jyoti Swaroop,1
Diganth,1
Vikram Kochhar,1
Dharmesh Yelande,1
Shankanada Aravind,1
Debashree Roy,1
Meeraj Shah,1
Sunny Singh,1
Indrani Banerjee,1
Jisshu Sengupta,1
Zaheer Iqbal,1
Puja Jha,1
Coral Bhamra,1
Niharica Raizada,1
Amar,1
Bhanumati,1
Sikandar Khanna,1
P.P. Bajaj,1
Karanveer,1
Auroshika Dey,1
Kunal Kohli,1
Amin Gazi,1
Pradeep Rangwani,1
Y.V.S. Chowdary,1
Sohini Sarkar,1
Komal Singh,1
Esmayeel Shroff,1
Ashish Bisht,1
Shivaji Satam,1
Rocky Sandhu,1
Krishnakant Dalvi,1
Dhirendra Thakur,1
Tharun Bhascker Dhaassyam,1
Jitendra Rai,1
Durba Sahay,1
Arjan Bajwa,1
Mymoona Al Baluchi,1
Kulbhushan Kharbanda,1
Vimal Bhagat,1
Rajeev,1
Vaibhav Sethia,1
Kewal Singh,1
Filippo Gastaldi,1
Arya Dave,1
Abhay Chaudhary,1
Pakhi Hegde,1
Ravi Kapoor,1
Nani,1
Kamal Mehra,1
Hannah Spearritt,1
Bhanu,1
Kanhaiya,1
Manher Desai,1
Shubhanshu Satyadeo,1
Soubhagya Chandan Satapathy,1
Bharat Balani,1
Sulagna Panigrahi,1
Sohan Borcar,1
Bandana Basnett,1
Poonam Pandey,1
Asad Shan,1
Asma,1
Richard Harris,1
Anitav Bachchan,1
Yashaswini Dayama,1
Tenzing Sonam,1
Diamond Akhtar,1
Sanjay Mitra,1
Ammara Ali,1
Amrita Acharya,1
Aleksey Fedorchenko,1
Rahuul Aamath,1
Abid,1
Dwij Yadav,1
Sajin Saleem,1
Abhishek Gupta,1
Kirshan Kumar,1
Ajit Sinha,1
Kranti Prakash Jha,1
Aishwaryaa Rajesh,1
Anil Kumar,1
Prem Nazir,1
S.U. Sunny,1
Ajay Jadeja,1
Aarti S. Bagdi,1
Vishal Desai,1
Alankar Joshi,1
Karan Deol,1
Anmol Goswami,1
Mugdha Chaphekar,1
Bharath Srinivasan,1
Aps Raghuvanshi,1
Ashok V. Bhushan,1
Satyajeet,1
Gautami,1
Lorena Franco,1
Shailendra Gaur,1
Mahmood Farooqui,1
Ambika Kamal,1
Madan Jain,1
Amarnath,1
Anurag Arora,1
Anushka Shetty,1
Anju Bawra,1
Aravind Akash,1
Shamna Kasim,1
Prithviraj Sukumaran,1
Vasili Pronin,1
Suraj Prakash,1
Vanamala,1
Abhinav Chaturvedi,1
Gitanjali,1
Saeed Jaffrey,1
Piyush Wankhede,1
Anupam Bhattacharya,1
Udaya Kumar,1
Goundamani,1
Seema Burman,1
Hugh Bonneville,1
Murli Sharma,1
Kev Clinsc,1
Chand Mehta,1
Amitosh Nagpal,1
Brahm Bhardwaj,1
Narendra Jha,1
Deepak Tijori,1
Natasha Majhi,1
Abir Insan,1
Dipannita Sharma,1
Padma Khanna,1
T.R. Narasimharaju,1
Elisha Kriis,1
BuAli Shah,1
Yusuf Qasmi,1
Ajay Chourey,1
Raju Singh,1
Aryan Neeraaj Anand,1
Ajay Verekar,1
Sophiya Chaudhary,1
Kabina Maharjan,1
Riyaz Khan,1
Vikram Chatwal,1
Basant Josalkar,1
Anand Patwardhan,1
Diane Allemon,1
Vishal Chaturvedi,1
Danish Raza,1
Sumit Gulati,1
Pilla Srinivas,1
Leeza Mangaldas,1
Arjun Sarja,1
Linnet Mushran,1
Sonal Chauhan,1
Shamim,1
Kritika Sachdeva,1
Arshad Khan,1
Aseem Ali Khan,1
Ravi Chauhan,1
Rintu Thomas,1
Rajeev Kanakala,1
Lukram Smil,1
Pooja Kumar,1
Mazhar Khan,1
Dhritiman Chatterjee,1
Adil Feroz Khan,1
Raj Singh Arora,1
Arsh Sandhu,1
Bhavesh Kumar,1
Meenakshi Dixit,1
Frank M. Ahearn,1
Ramanjit Juneja,1
Imran Ahmed Khan,1
Pooja Bisht,1
Yashi Kapoor,1
Dhwani Gautam,1
Akshay Bedi,1
Sarosh Irani,1
Ram Pothineni,1
Kumar Bhatia,1
Aditya Bal,1
Indrajith Sukumaran,1
Mohammad Chacha,1
Moon Moon Sen,1
Archana Joglekar,1
Devyani Cm,1
Chethan,1
Nilesh Maniyar,1
Master Makrand Bapat,1
Sunny Hinduja,1
Honey Irani,1
Abhimanyu Dasani,1
Gulshan Arora,1
Bhanu Pratap Singh,1
Ratan Gaurang,1
Poonam Bajwa,1
Baisul Islam Asad,1
Aalam,1
Anjori Alagh,1
Mukta Barve,1
Ranjit Sood,1
Vinod Kumar,1
Robin Das,1
Raam Shetty,1
Tulip Joshi,1
Chamkara,1
Upendra,1
Amrit,1
Afzal Khan,1
Gope,1
Harnam Singh Rawail,1
A. Nairang,1
Pushpa Hans,1
Kuldeep Patil,1
Sandesh Gour,1
M.S. Subbalakshmi,1
Soni Razdan,1
Jyoti Chandekar,1
Juhaina Ahsan,1
Muzahid Khan,1
Bina,1
Bibbo,1
Farid Amiri,1
Manjula,1
Govindrao Tembe,1
Aditi,1
Akshay Waghmare,1
Krishna,1
Geeta Behl,1
Mukesh J Bharti,1
Sawroop Butta,1
Aishwarya,1
Nataneya Singh,1
Som Dutt,1
Vicky Bhalla,1
Narayan Singh Sisodia,1
Moushumi Chatterjee,1
Veena Malik,1
Ekaansh Bhaardwaaj,1
Soumyak Kanti DeBiswas,1
Gael García Bernal,1
Vaishali Sinha,1
Mukesh Choudhary,1
Manoj Punj,1
Pawan Waval,1
Sadhana Singh,1
Shiva Suryavanshi,1
Leena Das,1
Rhythm Arora,1
Rami Reddy,1
Saahil Prem,1
Seema Dogra,1
Aban Raza,1
Sunil Sukthankar,1
V. Ravichandran,1
Gaurav Ajay Kaura,1
Arvinder Bhatti,1
Girish Taurani,1
Darsheel Safary,1
Aakash,1
Kawal Sharma,1
Kamalakar Torne,1
Sadiya Azgar,1
Farida Jalal,1
Anjum Nayar,1
Manik Bedi,1
Akanksha,1
Meezaan Jafri,1
Surinder Yadav,1
Amit Bhardwaj,1
Ram Charan,1
Amit Dahiya Badshah,1
Mohammad Asif,1
Suresh Bhagwat,1
K.K. Goswami,1
Anjana Bhowmik,1
Amyth Sethi,1
Antara Mali,1
Smita Gondkar,1
Pawan Kalyan,1
Yoggitta Dandaykar,1
Asha Bhosle,1
Ramola,1
Shiv Kumar,1
Mannara Chopra,1
Shriya Sharma,1
Kushagra Anand,1
Rashee Bindal,1
Aaryan,1
Kapil Arya,1
Rahul Bairagi,1
Aman Mihani,1
Shiv Panditt,1
Rahul Dholakia,1
Chetanya Adib,1
Ambika,1
Masoom Shankar,1
Ravikant Sinha,1
Sammir Dattani,1
Salim Amrohi,1
Kaluram Dhobale,1
Yash Baba,1
Hiten Tejwani,1
Anandana Kapur,1
Ajit Banerjee,1
Rose Laskar,1
Priya Gamre,1
Vishal Acharya,1
Narendra Bedi,1
Satchit Puranik,1
Rajendra Gupta,1
Menekka Arora,1
Saurav Chakraborty,1
Sharifa,1
Rajni Katiyar,1
Vishnu Manchu,1
Linda Arsenio,1
Alieesa P Badresia,1
Lalita Pawar,1
Ms. Jordiya Anna,1
Dhananjay Chauhan,1
Meera Joshi,1
Kanwaljit Singh,1
Pratim D. Gupta,1
Op Rai,1
Rahul Pendkalkar,1
Aayush Shah,1
Ahsaas Channa,1
Indrapal Ahuja,1
Pramod Goswami,1
Jiiva,1
Jason Lewis,1
Arvind,1
Nora Fatehi,1
Varun Choudhary,1
Shubhradeep Chakravorty,1
Mukul Dutt,1
J.S. Randhawa,1
Parambrata Chattopadhyay,1
Aadhi,1
Rohit Krishnakant Nayyar,1
Atul Srivastava,1
Harsh Dubey,1
Ayub M. Khan,1
Babubhai Mistry,1
Vasant Choudhury,1
Kannanunni,1
Ayaz Ahmed,1
Ratan Chopra,1
Kumar Neeraj,1
Deepti Bhatnagar,1
Anya Anand,1
Prashant Chianani,1
Tanveer Ahmad,1
S.M. Iqbal,1
Vishal Bakshi,1
Manish Mathur,1
Birendra Nath Tiwari,1
Akanksha Malhotra,1
Mohit Das,1
Aadil Abedi,1
Yash Acharya,1
Shyam Bharteey,1
Rohan Kapoor,1
S.P.M. Raman,1
Gopi Bhalla,1
Marc Zuber,1
Bengia Mala,1
Y.G. Mahendran,1
Vardhan Puri,1
Aditi Mittal,1
Preetika Chauhan,1
Gaurav Chopra,1
Ameesha Patel,1
Mohamed Abdullah,1
Anirban Majumder,1
Ali Fazal,1
Dishank Arora,1
Chinmay Mandlekar,1
Uttam Halder,1
Jatin Khurana,1
Bhisham Sahni,1
Padmini,1
Anumeha Singh,1
Hazel Croney,1
Shobana,1
Julian Sands,1
Genelia D'Souza,1
Bijulal,1
Vinay Subramanian,1
Rajat Bakshi,1
Swaroop Kanchi,1
Deepshikha Nagpal,1
Anup Das,1
Kollam Ajith,1
Aghajani,1
Rachita Bhattacharya,1
Baba Sehgal,1
Shakeela,1
Darshan Kumaar,1
Arunoday Singh,1
Chirag Paswan,1
Manav Sohal,1
Prabhakar,1
Shafi Inamdar,1
Ajit Singh Deol,1
Vani Vashishth,1
Priya Annatram,1
Prajakt Rebeloma,1
Lauren Spartano,1
Simran Ahemad,1
Jayshree Arora,1
Moin Khan,1
Utpal Sinha,1
Ankuar Panchal,1
Josh Hartnett,1
Subodh Bhave,1
Biman Bandopadhyay,1
Pritam Arjun,1
Kaifi Azmi,1
Arjun Radhakrishnan,1
Hussain Kuwajerwala,1
Tushar Jalota,1
Abhishek Patel,1
Siddharth Gupt,1
Jitendra Tiwari,1
Jesse Metcalfe,1
Rahul V. Chittella,1
Dhumal,1
Mayank Agarwal,1
Freny Bhagat,1
Sridhar Dubey,1
Shravankumar Tiwari,1
Anuj Tyagi,1
Yash Agarwal,1
Latif Faiziyev,1
William Cully Allen,1
Amy Maghera,1
Neelam Kothari,1
Hemu Adhikari,1
Ajay Arya,1
Kanak Pandey,1
Habeeb Aidroos,1
Wamiqa Gabbi,1
Upendra Limaye,1
Ravi Kumar,1
Tushar Prakash,1
Amrit Raj Gupta,1
Tillotama Shome,1
Vinod Pande,1
Leila Advani,1
Nitin Bhardwaj,1
Sam Nagar,1
Sahil Vaid,1
Parzaan Dastur,1
Rajesh Tailang,1
Mita Vashisht,1
Aakar Kaushik,1
Himanshu Kohli,1
Aydah El-Kashef,1
Sadia Khateeb,1
Sarah Wayne Callies,1
Mamhoud Chokrollahi,1
Samir Soni,1
Ahana,1
Hansika Motwani,1
Mukhtar Begum,1
Shweta Basu Prasad,1
Shivani Raghuvanshi,1
Zaira Wasim,1
Perthvi Jutsi,1
Subhash Ahuja,1
Ma Anand Sheela,1
Varsha Agnihotri,1
Adam Saini,1
Nirmal Pandey,1
Tanveer Hashmi,1
B. Ramakrishnaiah Panthulu,1
Yashodhan Bal,1
Abhay Singhal,1
Adarsh Gourav,1
Nazia Hussain,1
Mandar Jadhav,1
Anwari,1
Atul Hanwat,1
Babloo,1
Puneet Singh Ratn,1
Rajan Deo,1
Sachin Krishn,1
Swapna,1
Dharmendra Ahir,1
Naman Bhati,1
Seema Bilong,1
Teeshay,1
Saasha Aery,1
Bryan Cranston,1
Kumar Ganesh,1
Shubh Mukherjee,1
Deepika Chikhalia,1
Sonia Thakur,1
Anil Chahar,1
Mirza,1
Suzanne Bernert,1
Monica Dogra,1
Ranjan,1
Judi Dench,1
Sibu Giri,1
Tanima Bhattacharya,1
Aditya Narayan,1
Nivedita Bhattacharya,1
Shahnawaz Bhat,1
Mann Bagga,1
Arjun Manhas,1
Golshifteh Farahani,1
Amit Bhaskar,1
Gillian Anderson,1
Harbans Darshan M. Arora,1
Ajaz Khan,1
Bipin Gupta,1
Ravindra Sahu,1
Ashraf Ali,1
Jim Sarbh,1
Dilip Arya,1
Armen Grayg,1
Biman Bannerjee,1
Ajit Prakash,1
T.K. Desai,1
Mahesh Vettiyar,1
Rikkee,1
Akkineni Nageshwara Rao,1
Raju Mavani,1
Ranjeeta Kaur,1
Kartik Elangovan,1
Ambrish Sangal,1
Shail Chaturvedi,1
Ruby Bharaj,1
Shakeel Bharati,1
Sudesh Issar,1
Puneet Issar,1
Anant Thakur,1
Amit Madheshiya,1
Krishna Mohan Chintapatla,1
Sabreen Baker,1
Tara Sharma,1
Priyamvada Narayanan,1
Jaddanbai,1
Neenu Babu,1
Indira Bansal,1
Partho Ghosh,1
Pushpraj Gunjan,1
Anurag Jha,1
Poornima Jayaram,1
Master Shams,1
Deepak Chandra,1
Dakshita Patel,1
Deepak Malhotra,1
Gaurav Chowdhary,1
Sabita Devi,1
Dilawar,1
Mark Ellam,1
Yash Krishnani,1
Sunil Sharma,1
M.K. Radha,1
Vandana Asthana,1
Rekha Rana,1
Sooraj R. Barjatya,1
Ranjit Bawa,1
Musta Ali,1
Mamta Bhatia,1
Tara Deshpande,1
Mark Rylance,1
Harkiran Kaur Wraich,1
Shreyas Porus Pardiwalla,1
Sulochana Latkar,1
Avii,1
Shamim Khan,1
Ajay Gehi,1
Raghav Rishi,1
Faiza Ahmad Khan,1
Tanishaa Mukerji,1
Vijayachander,1
Raghvendra Singh,1
Tarush Waghela,1
Maya Sharma,1
Dibyendu Bhattacharya,1
Deepraj Rana,1
Nikita Sharma,1
Pranavanand,1
Rana Daggubati,1
Vimal Chandra Pandey,1
Prakash Belawadi,1
Suriya,1
Geetika Vidya Ohlyan,1
Kavita Tripathi,1
Sudha Chopra,1
Nitin Goel,1
Akkash Basnet,1
Anil Devgan,1
Helen Mirren,1
Sajid Khan,1
Aditi Rao Hydari,1
Ankur Vikal,1
Saurabh Agarwal,1
Nivin Pauly,1
Pierce Brosnan,1
Angelina Bhharwa,1
Naveen Kasturia,1
Ashima Bhalla,1
Sharada Devi,1
Rakesh,1
Sanjay Chauhan,1
Amar Dutta,1
Avtar Singh Ahluwalia,1
Sadhvi Bhatt,1
Kristin Kreuk,1
Chirag Arora,1
Subramanian Swamy,1
Karan Oberoi,1
Rocky Bhatia,1
Salim Abubaker,1
Jai Kalra,1
Sombhu Mitra,1
Prem Datta,1
Sagar Deshmukh,1
Partho A. Gupte,1
Siddharth Kher,1
Kiren Jogi,1
Aarti Chhabria,1
Nitin Bhatia,1
Gemma Atkinson,1
Gurdeep Singh,1
Baby Rani,1
Shadaab Khan,1
Rajat Barmecha,1
Deepa,1
Robin Sohi,1
Gemini Ganesan,1
Krrish Chhabria,1
Anubhav Dixit,1
Yash Shetty,1
Shabana Raza,1
Kirsty Averton,1
Rajesh Khera,1
Kainaz Motivala,1
Avani Rai,1
Anamika Goel,1
Gita Adhikari,1
Aryan Singh,1
Mehernosh Kapadia,1
Sonam,1
Raj Arjun,1
Danish Singh,1
Roshan Lal Shorey,1
Rahul Ranjan,1
Puru Rajkumar,1
Akash Sagar Chopra,1
Mandeep,1
Amyra Dastur,1
Vidya Sinha,1
Omkar Kapoor,1
Kumud Mishra,1
Sunil Barve,1
Soundarya Sharma,1
Manish Paul,1
Moulina Midde,1
Babu Mohan,1
Sidhant Kapur,1
Manoj Pahwa,1
Ishan Jacob,1
Shruti Haasan,1
Sourabh Arora,1
Sahil Khan,1
Trilok Kapoor,1
Bobby Bahal,1
Samrat,1
Shrikant Ram,1
Vijay Maurya,1
Jimmy Sharma,1
Soumitra Bannerjee,1
Jairaj,1
Sorabh Chauhan,1
Mikaal,1
Srivinay Salian,1
Julia Datt,1
Anil Ghildiyal,1
Revathi,1
R. Kannan,1
Rishi Bhummi,1
Swarup Dutt,1
Choudhury Mohammed Rafiq,1
Mumait Khan,1
Krishnamraju,1
Vikas Bangar,1
Ravi Tandon,1
Madhu Roy,1
Sadiq Ali,1
Daiana Menezes,1
C. Arunpandian,1
Avinash Arun,1
Neha Joshi,1
Moumita Goswami,1
Aditi Arya,1
Deepak Bandhu,1
Chandan Roy Sanyal,1
Jessica Sadana,1
Roopesh Kumar,1
Naved Aslam,1
Nithya Menen,1
Prashant Pandey,1
Manoj Chandila,1
Alka Anjali,1
Vijay Aidasani,1
Todd Howard,1
Gehana Vasisth,1
Parvathy Omanakuttan,1
Rajendranath Malhotra,1
Ravi Behl,1
Vaibhav Chauhan,1
Pappu Verma,1
Darshan Thoogudeep,1
Faith,1
Heeba Shah,1
Ravi,1
Dolly Bindra,1
Satish Kumar,1
Indra Kumar,1
Shreekant,1
Aasif Sheikh,1
Kader Khan,1
Mohini,1
Sanjay Bhatia,1
Aashish Bhatt,1
Deepa Barot,1
A.K. Misra,1
A. Muthu,1
Imtiaz Khan,1
Karamveer Choudhary,1
Debapriyo Bagchi,1
Manu Gargi,1
Jyoti,1
Yasef Calderón,1
Avinash Nanda,1
Raju Kumar,1
Bharat Gopy,1
Rishy,1
Chitrangada Chakraborty,1
Shilpa Shirodkar,1
Giri Babu,1
Chirag Malhotra,1
Alia Khan Dar,1
Sharada,1
Tinku,1
Dipankar Dey,1
Arvind Kasera,1
Vats Amit,1
Aziz Naser,1
Shafiq Syed,1
Pratima V. Kulkarni,1
Adam M. Weber,1
Mahesh Jilowa,1
Danish Khan,1
Satish Vyas,1
Doddanna,1
John Cawas,1
Mukesh Agrohari,1
Ram Singh,1
Nagma,1
Krishnendu Adhikari,1
Suraj Baba,1
K. Gauri,1
Mohd. Zeeshan Ayyub,1
Sippy Gill,1
Madhu Kapoor,1
Karim Hajee,1
Madhura Velankar,1
Vijay Verma,1
Siddharth Bhardwaj,1
Ajay,1
Sudesh Kumar,1
Narsimha Rao,1
Sathyaraj,1
Madhu Chakravarty,1
Anoushka,1
Bianca Desai,1
Bhavita Anand,1
Dasharth,1
Suman,1
Dheer Momaya,1
Kanan Kaushal,1
Bonnie Juneja,1
Noor Mohammad Charlie,1
Manoj Chandra,1
Aashish Chaudhary,1
Shankanada Anjanappa,1
Bismillah Khan,1
G. Laya,1
V. Gopalakrishnan,1
Himanshu,1
Abhiyan Rajhans,1
Sachin Tendulkar,1
Rannvijay Singh,1
Vijay Mahar,1
Rohan Dey,1
Aadil Chahal,1
Raj Ballav Koirala,1
Devaki Singh,1
Peter Pedrero,1
Vinit Kanojia,1
Lynn Collins,1
Raj Singh Jhinger,1
Rahul Thulasiram,1
Lisa Ann Walter,1
Rohan,1
Sourabh,1
Vije Bhatia,1
Benny John,1
Prince Shah,1
Vipinno,1
Natty Kumar,1
Swaran Lata,1
Megastar Maharishi Aazaad,1
Nakul Kapoor,1
Anand Gandhi,1
Kuldeep Bhagi,1
Shiva Rindani,1
Arvind Gadgil,1
Tanushree Dutta,1
Shalini,1
Bob Christo,1
Manoj Joshi,1
Tony Pietra Arjuna,1
Anuradha Sawant,1
Leela Naidu,1
Samit Bhanja,1
Brian Dawson,1
Jaspinder Cheema,1
Rani Chatterjee,1
Ritwick Chakraborty,1
Rohini Hattangadi,1
Sonarika Bhadoria,1
Junior Govinda,1
Freida Pinto,1
Sara Khan,1
Sunil Tiwari,1
Arsh Bajwa,1
Vikrum Kumar,1
Suhasini,1
Nitesh Shrivastava,1
Himani Attri,1
Chandra Mohan,1
Anmol Dhillon,1
Nazneen Bhatia,1
Atif Jamil,1
Zarina Wahab,1
Avalokita Dutt,1
Jass Bhatia,1
Rishma Malik,1
Cecilia,1
Vickrant Mahajan,1
Habib,1
T.N. Sharma,1
Pawan Kumar Sharma,1
Javed Abedi,1
Shakur Sir,1
Zain Khan,1
Ayush Upadhyay,1
Kamal Master,1
Ranjana,1
Jayprakkash Shaw,1
U.R. Ananthamurthy,1
Vikrant Massey,1
Dheerendra Dwivedi,1
Kishan Shrikanth,1
Namit Das,1
Mansoor Ali Khan,1
Zaheera,1
Akanksha Puri,1
Hemant Gopal,1
Isaiah,1
Karan,1
Neha Dubey,1
Abhijeet Singh,1
Kavin Dave,1
Somy Ali,1
Simi Garewal,1
B. Marzban,1
Jitendra Kumar,1
Jack Gaud,1
Anand Abhyankar,1
Nitesh Tiwari,1
Svar Kamble,1
Chetan Sharma,1
Chris Bisson,1
Natalia Janoszek,1
Akshat Jain,1
Binayak Das,1
Rupa Bhimani,1
Rehman,1
Aniruddh Dave,1
Parshwanath Yeshwant Altekar,1
Siddharth Menon,1
Priyadarshini,1
Sathyan,1
Kuldeep Ruhil,1
Sanjeev Giriwer,1
Anuj Saxena,1
Lalu Ram,1
Usha Sharma,1
Chhabi Biswas,1
Mukesh Ahuja,1
Vincent Ashokan,1
Mehreen Pirzada,1
Jana Sue Memel,1
Saayli Buva,1
Md. Faiz Alam,1
Ashwini Bhave,1
Firoz Ali,1
Ashrita Agarwal,1
Naushaad Abbas,1
Neel Bakshi,1
Jai Ganesh,1
Arti Rautela,1
Raghuvaran,1
Devesh Ranjan,1
Saiba Babu,1
Martin Sheen,1
Nishikant Dixit,1
Sharad Kelkar,1
Ghori,1
Aachi Manorama,1
Pakija Begam,1
Ujjwal Rana,1
Cho Ramaswamy,1
Luv Sinha,1
Madhu Acharya,1
Imran Rasheed,1
Hadi,1
Shaurya Singh,1
Prerika Arora,1
Prashant Barot,1
Dharmendra Gohil,1
Arathi,1
Neelam,1
Gautami Kapoor,1
Tariq,1
Amanda Ooms,1
Bhankheri Devi,1
Tripti Dimri,1
Aanchal Dwivedi,1
Shabana Afreen,1
Apoorva Arora,1
K.K. Raina,1
Mandakini Goswami,1
Martin Henderson,1
Vivek Anand,1
Aspar Husain,1
Mantosh Kumar,1
Faisal Khan,1
Navin Berry,1
S. Ramanathan,1
Cyli Khare,1
Madhavi,1
Naveen Andrews,1
Jeff Zimbalist,1
Raima Sen,1
Shyam Bhimsaria,1
Tanvi Verma,1
Chandra Shekhar Dutta,1
Dulquer Salmaan,1
Sapna Awasthi,1
Sunny Thakur,1
Kavitha,1
Parveen Kaur,1
Satyanshu Singh,1
Gouri Ash,1
Sameera Awasthi,1
Udita Goswami,1
Soumi Saha,1
Fariduddin Dagar,1
Biswanath Bhaduri,1
Eddie Billimoria,1
Manohar Mahajan,1
Aman Ullah,1
Rashid Ahmed,1
Bal Gandharva,1
M. Madhusudhana Rao,1
Sudhanshu Pandey,1
Deepak Deulkar,1
Hamid Farokhnezhad,1
Sunny Pawar,1
Natiker,1
Ava Mukherjee,1
Akhil Kapur,1
Kamal Rashid Khan,1
Allu Arjun,1
Akhilesh,1
Akshat Verma,1
Satish Kaushik,1
Mahesh Manjrekar,1
Akashdeep,1
M. Parvez,1
Bijoy Dey,1
Gyanesh Mukherjee,1
Vikaas Kalantari,1
Imaaduddin Shah,1
Manju Bhatia,1
Priya Rao,1
Garrick Chaudhary,1
Rajesh Desai,1
Navya Nair,1
Maya Banerjee,1
Ramesh Sharma,1
Shubhra Ghosh,1
Swaroop Khan,1
Shiraz Hussain,1
Subodh Mitra,1
Steven a Dsouza,1
C.S. Aasie,1
Kuljit Pal,1
Asha Sachdev,1
Badriprasad,1
Surendra Kumar,1
Veerendra,1
Arman Khan Achakzai,1
Sarath Kumar,1
Ira Dubey,1
Bhisham Kohli,1
Raja Bherwani,1
Rakesh Pandey,1
Dilip Tadeshwar,1
Divya Bharti,1
Uttar Kumar,1
Alok Rajwade,1
Manisha Chauhan,1
Sandeep Bose,1
Hardik Kapadia,1
Mrinmayee Godbole,1
Swanand Kirkire,1
Karwarkar Bhavika,1
Vira Sathidar,1
Nabeel Ahmed,1
Adhvik Mahajan,1
Sidharth Bhardwaj,1
Bindiya Goswami,1
Vishal Anand,1
Felix Roeben,1
Mia Malkova,1
Mangesh Desai,1
Kookie Gulati,1
Preeti Soni,1
Ponnambalam,1
Shrunga B.V.,1
Neel Deshmukh,1
Prateek Pachauri,1
Tulika Banerjee,1
Sooraj Balaji,1
Ravi Jhanghu,1
Puru Chibber,1
Saiyami Kher,1
Ishwarlal,1
Kirti Adarkar,1
Vadivelu,1
Yash Soni,1
Yogesh Raj Mishra,1
Charvi Dutta,1
Manu,1
Pomy Dev,1
Saurabh Choudhary,1
Dayal Nihalani,1
Manish Gupta,1
Khausal Bharti,1
Shyam Kumar,1
Abhishek Brahmachari,1
Kanika Verma,1
Sharad Ponkshe,1
Satya Prakash,1
Raman Trikha,1
Ami Arora,1
Vinay Rai,1
Jayasudha,1
Maya Dass,1
Harish,1
Sonali Bendre,1
Shakuntala Barua,1
Ankush Chaudhari,1
Mithilesh Chaturvedi,1
Akanksha Awasthi,1
Sanjeeva Affrin,1
Jayant Kripalani,1
Tarun Bose,1
Daisy Irani,1
Khalil,1
Anamitra Roy,1
Ayaan Ahmad,1
Prabhas,1
Dilshad Patel,1
Ranjit Mallick,1
Ankit Desai,1
Ali Athar,1
Chetanya Adeep,1
Keshto Iqbal,1
Saurabh Malik,1
Kedar Kapoor,1
Desh Mukherjee,1
Abhishek Chitlangia,1
Shubhi Ahuja,1
Nayantara,1
Amit Khanna,1
Bhavana,1
Prashant Damle,1
Sohail Mokashi,1
Sada,1
Farrukh Seyer,1
Sajjan,1
Vega Tamotia,1
A.S. Ravindra Babu,1
Saswata Chatterjee,1
Radha Saluja,1
Jayanthi,1
Supriya,1
Usha Kiran,1
Vijay Sadanah,1
Tania Nazmeen Dean,1
K. Vijayan,1
Zahid Ali,1
Varun Bhagwat,1
Akhil Gautam,1
Shanti Dave,1
Neelima Azim,1
Azghar,1
Aitana Sánchez-Gijón,1
Vikas Balian,1
Perena Agarwal,1
Adil Ahamad,1
Gennadiy Vasilev,1
Sushama Deshpande,1
Kayoze Irani,1
Ajay Kumar Singh,1
Ramesh Bhatkar,1
Yashpal Sharma,1
Amit Suryavanshi,1
T.S. Balaiah,1
Udayan Banerjee,1
Aashish Kaul,1
Kimi Katkar,1
Nazneen,1
Nishat Mallick,1
N.T. Rama Rao Jr.,1
Vinod K. Verma,1
Husn Banu,1
Raja,1
Sameer Aftab,1
Ehan Bhat,1
Ranji Vijayan,1
Vibha Chhibber,1
Arvind Singh,1
Mouli Ganguly,1
Srishti Gautam,1
Marilia Colturato,1
Rajvvir Aroraa,1
Deepak Bhatia,1
Robin Sikarwar,1
Jennifer Kendal,1
Aisha Ahmed,1
Karan Singh Grover,1
Lekha Pande,1
Salil Acharya,1
Ajita,1
Hemant Pandey,1
Ravi Bhatia,1
Mumtaz Ahmed,1
Amitkumar Sharma,1
Abuzar Akhtar,1
Rehal Khan,1
Mast Ali,1
Neil Bhoopalam,1
Augustine,1
Yash Dave,1
Dhruva Padmakumar,1
Rajinder Verma,1
Mandy Takhar,1
Sanjay Deyali,1
Bhaskar Shetty,1
Reema Lagoo,1
Bipasha,1
Avtar Gill,1
Alpana,1
Amit Dhamija,1
Jayaram,1
Ashok Chaudhary,1
K. Raghavendra Rao,1
Cuckoo,1
Jayam Ravi,1
Deeya Dey,1
Sona Mastan Mirza,1
Iftekhar,1
Naveen Bawa,1
Neha Chauhan,1
Shravani Abhang,1
Trivikram Mattoo,1
Smriti Mundhra,1
Sahil Seth,1
Johnny Baweja,1
Isabella Rinaldi,1
Raqesh Bapat,1
Aida Banaji,1
Geeta Agrawal,1
Madhav Kale,1
Chandrima Banerjee,1
Ratan Aulakh,1
Nitin Sethi,1
Manisha Kelkar,1
Harisree Asokan,1
Aditya Rawal,1
Surekha,1
Anil Charanjeett,1
Ashwath Bhatt,1
Madhu Apte,1
Bindu Shukla,1
Vishwa Bhanu,1
Chaman Lal Pahwa,1
Narottam Bain,1
Roopa Ganguly,1
Pratap Chandra,1
Lata Arora,1
Mohit Sehgal,1
Sidhant Gupta,1
Isha Bebarta,1
Laxmi Chhaya,1
Gaurav Kapoor,1
Bhudo Advani,1
Sulochana Chatterjee,1
Aniruddh Agarwal,1
Amit,1
Debu Bramha,1
Gyan Shivpuri,1
Paresh Bannerjee,1
Anurag Kashyap,1
Sreelekha Mitra,1
Sonu Chourasia,1
Sara Loren,1
Ajit Bhalla,1
Niranjan Sharma,1
Vinay Katore,1
Deepak Dutta,1
Jay Solanki,1
Riya Deepsi,1
Shubham Kumar Singh,1
Ruchika Muchhala,1
Tushar Pandey,1
Kunal Nayyar,1
Anshu,1
Ravi Anand,1
Harish Raj,1
Sandeep Bedi,1
Pankaj Purohit,1
Pramod Moutho,1
Dheeraj Kumar,1
Arvind Singh Rajpoot,1
Jayanta Mukherjee,1
Pawan Rajput,1
Sidhant Salaria,1
Naina Ganguly,1
Bandini Mishra,1
Sagar Arya,1
Liyaqat Bari,1
Sreejith Vijay,1
Anisa Butt,1
Sunalini Devi,1
Dilip Dhawan,1
Lara Dutta,1
Gorka Vázquez,1
Ami Asthana,1
Afrin,1
Naseem Banu,1
Deep Dhillon,1
Arjun Chakraborty,1
Ankur,1
Jayalalitha J,1
Jayant Gadekar,1
Shashank Udapurkar,1
Master Baboo,1
Anuraag,1
Sarah Jane Dias,1
Sumit Arora,1
Dada Kondke,1
Anchana,1
Vansh Bhardwaj,1
Vinay Shukla,1
Dhamini,1
Shambhavi Agrawal,1
Vir Das,1
Sagar Pandey,1
Deep Katdare,1
Rohan Jardosh,1
Pavan Buragohain,1
B.K.S. Iyengar,1
Anjali Devi,1
Jillo,1
Zakir Hussain,1
Ram Awana,1
Sunny Sachdeva,1
Bharat Chawla,1
Nicolos Kostopoulos,1
Nagesh,1
Sayani Gupta,1
Vaarssh Bhatnagar,1
Arjun Chakrabarty,1
Anuj Jain,1
Chitrak Bandyopadhyay,1
Seema,1
Mohammad Amir Naji,1
Adamya,1
Sudhir Ahuja,1
Joyita Das,1
Kishore Kumar G.,1
Lydian Nadhaswaram,1
Ajaykumar,1
Sahil Akhtar,1
Mansinghms,1
Shashi Dhar,1
Yogesh Chikne,1
Kunj Anand,1
Rajan Verma,1
Thilakan,1
Atma,1
Kashyap Barbhaya,1
Hemen Barman,1
Deepika Amin,1
Aparshakti Khurana,1
Karthik,1
Jaishankar,1
Master Amit,1
Munawwar Sultana,1
Dinero Ash,1
Sabitha Anand,1
Kamlabai Gokhale,1
Sylvester Stallone,1
Mohan Kapur,1
Monica Castelino,1
Lakshmi Kanta,1
Rahul Singh,1
T.P. Rajalakshmi,1
Prakash Deshmukh,1
Sadiya Siddiqui,1
Ravi Chopra,1
Shivangi Bhayana,1
Arpita Singh,1
Meenu Hooda,1
Rajvirr Singh,1
Yogita Deshmukh,1
Chinnijayanth,1
Manas Das,1
Ishita Arun,1
Hema Bisht,1
Prachi Save,1
Virender Razdan,1
Alma S. Grey,1
Chander Sharma,1
Tod Polson,1
Heramb Tripathi,1
Satnam Kaur,1
Kainaat Arora,1
Nikita Anand,1
Bhavana Singh Chauhan,1
Ranbeeir Kalsi,1
Beena Bannerjee,1
Coca Cola,1
Richa Pallod,1
Fahad Mustafa,1
Arjun Hingorani,1
Lalit Parimoo,1
Amiya Chakrabarty,1
Samarth Sonawane,1
Veena Kapoor,1
Zameer Ashai,1
Navjot Hansra,1
M. Maroof,1
Master Bunty,1
Raman Atre,1
Christopher Coelho,1
Faruque Azam,1
Shashikala,1
Aaryan Adhikari,1
Amit Kapoor,1
Murali Mohan,1
Kavita Kapoor,1
Anand Tiwari,1
Siraj Mustafa Khan,1
Kingi,1
Farhad Ahmed Dehlvi,1
Harshvardhan Deo,1
Alisha Farrer,1
Gopi Krishna,1
Tanvi Jain,1
Mukund Krishna Kumar Nair,1
Dinyar Contractor,1
Trisha Krishnan,1
Rajesh Sethi,1
Suchitra Krishnamoorthi,1
Sajeel Parakh,1
Shaheed Latif,1
Ratin Banerjee,1
Karan Shah,1
Rishabh Vaidya,1
Shona Chabra,1
Mukesh Asopa,1
Dixit,1
Sritam Das,1
Ranjit Kapoor,1
Preeti Jhangiani,1
Dilip Dutt,1
Prakash Raj,1
Sunny Gill,1
Rotem Bar,1
Shivarajkumar,1
Daljit Ved,1
Vivaan Shah,1
Prince Adhikari,1
Sunil Singh,1
Nidhi Sunil,1
R. Kumar,1
Mishti,1
Sushma Ahuja,1
Alka,1
Anmol,1
Ghulam Ali,1
Alok Chaturvedi,1
Divyank Sharma,1
Raj Agnihotri,1
Ruma Guha Thakurta,1
Vijay Sharma,1
Kamal Adib,1
Neelam Deysarkar,1
Joshina,1
Vaibhav Khisti,1
Nishikant Kamat,1
Lakshmi,1
Anurita Jha,1
Sunil Pal,1
Dilip Mestry,1
Unni Mary,1
Rahul Jaiswal,1
Manik Irani,1
Mangal Dhillon,1
Balakrishnan Thevar,1
Suraj Sharma,1
Ravi Sah,1
Ejaz Ahmed,1
Manoj Amarnani,1
Ankur Tewari,1
Gayatri Bahl,1
Anand Sami,1
Armaan Jain,1
Kilam Amit,1
Laboni Sarkar,1
Shahbaz Baweja,1
Nishant Malkani,1
Aditi Bir,1
M. Ismail,1
Natalie DP,1
Sandip Mukherjee,1
Sajad Khaki,1
Kader Kashmiri,1
Prem Bedi,1
Anna Salunke,1
Master Akash,1
Brahmachari,1
Sachendra Choubey,1
Kanak Mukherjee,1
Ram Kumar,1
Monali Thakur,1
Saniya Anklesaria,1
Amole Gupte,1
Aahana Kumra,1
Naveed Akhtar,1
Sammy Jonas Heaney,1
Nitika Sharma,1
Rahul Rawail,1
Prashant Chaubey,1
Abhishek Bharate,1
Anuj Sachdeva,1
Rani Agarwal,1
Ahaan Jha,1
Nivedita Chandel,1
Sonu Nigam,1
Ketki Dave,1
Diveyaa Dwivedi,1
Sahil Mehta,1
Mohit Madaan,1
Harish Kotian,1
Apache Indian,1
Saharsh Kumar Shukla,1
Raushan Jha,1
Poonam Agarwal,1
Shweta Bhardwaj,1
Atif Rashid,1
Mouni Roy,1
Himanshu Bhatt,1
Dhruv Ganesh,1
Jigna Bharadhwaj,1
Sanghmitra Hitaishi,1
Avinash Tiwary,1
Abhijeet K.,1
Kannan Arunachalam,1
Munish Khan,1
Kunal Bhange,1
Anwar Ali,1
Aman Verma,1
A.R.S.,1
Suhaas Ahuja,1
Srikanth,1
Chaitanya Bhosle,1
Padmadevi,1
Manav Gohil,1
Kirti Azad,1
Kiran Bedi,1
Gaspard Kuentz,1
Sneha,1
Ajay Gautam,1
Simer Motiani,1
Rishi Rehan,1
Ratna Bhooshan,1
Rupak Ginn,1
Dinesh Hingoo,1
Vikram Chatterjee,1
Brijesh,1
Anang Desai,1
Haradhan Bannerjee,1
Priyanka Agarwal,1
Sreenath Janardhanan,1
Jahan Bloch,1
Umesh Kamat,1
Parth Singh Chauhan,1
Shalini Abhyankar,1
Ainul,1
Javed Abdi,1
Master Shankar,1
Ekavali Khanna,1
Kireet Khurana,1
Gurpreet Kaur Chadha,1
Karan Arora,1
Raz Rehman Ali,1
Sobhan Babu,1
Mukesh Rishi,1
Lewis Tan,1
Tanveer,1
Siddharth Gupta,1
Chetan Hansraj,1
S.A. Chandrashekhar,1
Vikram Gokhale,1
Nilanjana Bhattacharya,1
Aamir,1
Meenu Kawatra,1
Samiksha Bhatt,1
Anil v Kumar,1
Avantika Akerkar,1
Deepak S. Shivdasani,1
Deepak Chachra,1
Jyoti Bakshi,1
Nandita Aras,1
Serena Lorien,1
Makarand Anaspure,1
Afsan,1
Sarita Joshi,1
Dhundiraj Govind Phalke,1
Azra,1
Firoz Irani,1
Sahila Chaddha,1
Anil Pandey,1
Avijit Dutt,1
Ben Kingsley,1
B. Vittalacharya,1
Ishteyak Arif,1
Rima Mishra,1
K. Yogi,1
Sumana Mukherjee,1
Hrishikesh Mukherjee,1
Rajveer Ankur Singh,1
Siddharth Koirala,1
Manish Bhavan,1
Shubham,1
Cyrus Broacha,1
Shreedevi Chowdary,1
Ishwar Singh,1
Sharadkumar Dicksheet,1
Giovanna Mezzogiorno,1
Bhavna Mali,1
Vishal Arya,1
Tanmay Dhanania,1
Naresh Sharma,1
Karamaveer Chaudhary,1
Gaurav Gupta,1
Prateek Gupta,1
Aryeman Ramsay,1
Shweta Tripathi,1
Dipendra Acharya,1
Satyadev Dubey,1
Anjan Srivastav,1
Tejaswini Manogna,1
Rajkumar,1
Gautam Gupta,1
Acchui,1
Yami Gautam,1
Aryan Vaid,1
Daljeet,1
Farrah Kader,1
Sanaya Irani,1
Nishi Neha Mishra,1
Ranga Rao Kurra,1
Mani Kaul,1
Shreeram Lagoo,1
Saurabh Goyal,1
Aishwarya Narkar,1
Gulzar,1
Utkarsh Sharma,1
Kalabhavan Mani,1
Mohan Azaad,1
Jayesh Raj,1
Nishant Rai,1
Imran Abbas,1
Ali Akbar,1
Rajesh Seth,1
Disha Yadav,1
Bhavika T. Alaviye,1
Amit Behl,1
Shinnosuke Yakuwa,1
Raj Tara,1
Surendra Pal,1
Shardul Bharadwaj,1
J. Sreeniwas Rao,1
Satyakam Anand,1
Hardan,1
Arjun Bakshi,1
Karan Razdan,1
Vinamrata Rai,1
Sonia Agarwal,1
Tabrez Hashmi,1
Om Prakash,1
Sanjay Gupta,1
Bhumi Pednekar,1
Hyder Ali,1
Rameshwari,1
Pradeep Pandey,1
Ansari,1
Prabhu,1
Alex Lee,1
Ram Gopal Varma,1
Meghna Erande,1
Abinash,1
Saroj Bhargava,1
Vikas Bhalla,1
Zackie Achmat,1
Kapil Sharma,1
Vikram Chopra,1
Alisha,1
Master Altaf,1
Prince Singh,1
Manit Joura,1
Bhole Baba,1
Tushar Jha,1
Rajeev Dassani,1
Rehaan Engineer,1
Romesh Sharma,1
Aishwarya Rajesh Ash,1
Bhaskarabatla Usha,1
Sanjay Khanna,1
Girish Nair,1
Saheem Khan,1
Amrita Arora,1
Meena Shorey,1
Yashit Duggal,1
Bhushan Agarwal,1
Mallika Nayyar,1
Anita,1
Pratyush Sharma,1
B.K. Malhotra,1
Aditya Sharma,1
Latika,1
Mrinalini Chatterjee,1
Chetan Anand,1
Rohit R.K.,1
Tia Bajpai,1
Sabah,1
Agast Anand,1
Suresh Thomas,1
Tanmay Bhat,1
Vinay Ambast,1
Masti Ali,1
Tisca Chopra,1
Nagesh Kukunoor,1
Charan Raj,1
Massod Ali,1
Omkar Bhatkar,1
Pramod Anand,1
Meghna Desai,1
Mashaal Durrani,1
Raj Vasudeva,1
Mashhoor Amrohi,1
Deepak Bahry,1
Dev Goel,1
Romit Raj,1
Naresh Kaura,1
O.P. Ralhan,1
Soumitra Chatterjee,1
Vandana Seth,1
Salim Fateh,1
Bobby Darling,1
Vivek Sudershan,1
Parag Ajgaonkar,1
Rajan P. Dev,1
Talat Jani,1
Glen Barreto,1
Aravind Sen,1
Rina Charaniya,1
Yuvraj Kumar,1
Amrityan,1
Manish Anand,1
Nyra Banerjee,1
Rishi Verma,1
Munesh Nehra,1
Krishna Chaturvedi,1
Neha Ahuja,1
Angeilla Dobson,1
Aditi Bhagat,1
Murad Ali,1
Amarjeet,1
Rinku Jaiswal,1
Mutyala Subbaiah,1
Habib Al Aidroos,1
Omar Abdullah,1
Kirti Kulhari,1
Talia Bentson,1
Anuradha Hasan,1
Asha Devi,1
Kanchan Adhikari,1
Shashanka Ghosh,1
Rajith Menon,1
Vatsal Sheth,1
Dhiraj Verma,1
S.N. Banerjee,1
Talha Arshad Reshi,1
Ashok Sharma,1
Shobhna Samarth,1
Deepa Arora,1
Benaf Dadachandji,1
Raj Banerjee,1
Rono Mukherjee,1
Rajesh Bhardwaj,1
Naveen Krishna,1
Hina Khan,1
Tushar Dalvi,1
Johny Bakshi,1
Amita Pathak,1
Jannat Shekhawat,1
Rajkumar Bedi,1
Amarasigamani,1
Sripriya,1
Atul Agnihotri,1
Yunus Parvez,1
Devan,1
Sampat Pal Devi,1
Reem Shaikh,1
Navi Bhangu,1
Hussain Dalal,1
Maya Basu,1
Milind Ukey,1
Karan Kundra,1
Rajesh Jolly,1
Sahilraj Dewangen,1
Anubhuti Kashyap,1
Emma Dean,1
Onjolee Nair,1
Ramji,1
Sumeet Vyas,1
Jatin Goswami,1
V. Menon,1
Kitu Gidwani,1
Mohammad Reza Golzar,1
Aadar Jain,1
Shubha Khote,1
Amitoj Mann,1
Naman Jain,1
Aniket Vishwasrao,1
Sharan Anandani,1
Sangeeta Bijlani,1
Ajitesh Bannerjee,1
Jay Bhanushali,1
Prakash Mehra,1
Lucky Kohli,1
A.K. Hangal,1
Anay,1
Ashwin Dhar,1
Diana Penty,1
Meghan Jadhav,1
